-- phpMyAdmin SQL Dump
-- version 4.8.4
-- https://www.phpmyadmin.net/
--
-- Хост: 127.0.0.1
-- Время создания: Мар 01 2019 г., 12:44
-- Версия сервера: 10.1.37-MariaDB
-- Версия PHP: 7.3.1

SET SQL_MODE = "NO_AUTO_VALUE_ON_ZERO";
SET AUTOCOMMIT = 0;
START TRANSACTION;
SET time_zone = "+00:00";


/*!40101 SET @OLD_CHARACTER_SET_CLIENT=@@CHARACTER_SET_CLIENT */;
/*!40101 SET @OLD_CHARACTER_SET_RESULTS=@@CHARACTER_SET_RESULTS */;
/*!40101 SET @OLD_COLLATION_CONNECTION=@@COLLATION_CONNECTION */;
/*!40101 SET NAMES utf8mb4 */;

--
-- База данных: `ip-one-new`
--

-- --------------------------------------------------------

--
-- Структура таблицы `contents`
--

CREATE TABLE `contents` (
  `id` int(10) UNSIGNED NOT NULL,
  `name` varchar(100) COLLATE utf8mb4_unicode_ci DEFAULT NULL,
  `content` longtext COLLATE utf8mb4_unicode_ci,
  `created_at` timestamp NULL DEFAULT NULL,
  `updated_at` timestamp NULL DEFAULT NULL,
  `deleted_at` timestamp NULL DEFAULT NULL,
  `slug` varchar(100) COLLATE utf8mb4_unicode_ci DEFAULT NULL
) ENGINE=InnoDB DEFAULT CHARSET=utf8mb4 COLLATE=utf8mb4_unicode_ci;

--
-- Дамп данных таблицы `contents`
--

INSERT INTO `contents` (`id`, `name`, `content`, `created_at`, `updated_at`, `deleted_at`, `slug`) VALUES
(2, 'О нас', '<section class=\"story\">\r\n<div class=\"container\">\r\n<div class=\"row\">\r\n<div class=\"col-md-6\">&nbsp;</div>\r\n</div>\r\n</div>\r\n</section>', '2019-02-19 00:22:08', '2019-03-01 05:43:04', NULL, 'o-nas');

-- --------------------------------------------------------

--
-- Структура таблицы `data_rows`
--

CREATE TABLE `data_rows` (
  `id` int(10) UNSIGNED NOT NULL,
  `data_type_id` int(10) UNSIGNED NOT NULL,
  `field` varchar(191) COLLATE utf8mb4_unicode_ci NOT NULL,
  `type` varchar(191) COLLATE utf8mb4_unicode_ci NOT NULL,
  `display_name` varchar(191) COLLATE utf8mb4_unicode_ci NOT NULL,
  `required` tinyint(1) NOT NULL DEFAULT '0',
  `browse` tinyint(1) NOT NULL DEFAULT '1',
  `read` tinyint(1) NOT NULL DEFAULT '1',
  `edit` tinyint(1) NOT NULL DEFAULT '1',
  `add` tinyint(1) NOT NULL DEFAULT '1',
  `delete` tinyint(1) NOT NULL DEFAULT '1',
  `details` text COLLATE utf8mb4_unicode_ci,
  `order` int(11) NOT NULL DEFAULT '1'
) ENGINE=InnoDB DEFAULT CHARSET=utf8mb4 COLLATE=utf8mb4_unicode_ci;

--
-- Дамп данных таблицы `data_rows`
--

INSERT INTO `data_rows` (`id`, `data_type_id`, `field`, `type`, `display_name`, `required`, `browse`, `read`, `edit`, `add`, `delete`, `details`, `order`) VALUES
(1, 1, 'id', 'number', 'ID', 1, 0, 0, 0, 0, 0, NULL, 1),
(2, 1, 'name', 'text', 'Name', 1, 1, 1, 1, 1, 1, NULL, 2),
(3, 1, 'email', 'text', 'Email', 1, 1, 1, 1, 1, 1, NULL, 3),
(4, 1, 'password', 'password', 'Password', 1, 0, 0, 1, 1, 0, NULL, 4),
(5, 1, 'remember_token', 'text', 'Remember Token', 0, 0, 0, 0, 0, 0, NULL, 5),
(6, 1, 'created_at', 'timestamp', 'Created At', 0, 1, 1, 0, 0, 0, NULL, 6),
(7, 1, 'updated_at', 'timestamp', 'Updated At', 0, 0, 0, 0, 0, 0, NULL, 7),
(8, 1, 'avatar', 'image', 'Avatar', 0, 1, 1, 1, 1, 1, NULL, 8),
(9, 1, 'user_belongsto_role_relationship', 'relationship', 'Role', 0, 1, 1, 1, 1, 0, '{\"model\":\"TCG\\\\Voyager\\\\Models\\\\Role\",\"table\":\"roles\",\"type\":\"belongsTo\",\"column\":\"role_id\",\"key\":\"id\",\"label\":\"display_name\",\"pivot_table\":\"roles\",\"pivot\":0}', 10),
(10, 1, 'user_belongstomany_role_relationship', 'relationship', 'Roles', 0, 1, 1, 1, 1, 0, '{\"model\":\"TCG\\\\Voyager\\\\Models\\\\Role\",\"table\":\"roles\",\"type\":\"belongsToMany\",\"column\":\"id\",\"key\":\"id\",\"label\":\"display_name\",\"pivot_table\":\"user_roles\",\"pivot\":\"1\",\"taggable\":\"0\"}', 11),
(11, 1, 'locale', 'text', 'Locale', 0, 1, 1, 1, 1, 0, NULL, 12),
(12, 1, 'settings', 'hidden', 'Settings', 0, 0, 0, 0, 0, 0, NULL, 12),
(13, 2, 'id', 'number', 'ID', 1, 0, 0, 0, 0, 0, NULL, 1),
(14, 2, 'name', 'text', 'Name', 1, 1, 1, 1, 1, 1, NULL, 2),
(15, 2, 'created_at', 'timestamp', 'Created At', 0, 0, 0, 0, 0, 0, NULL, 3),
(16, 2, 'updated_at', 'timestamp', 'Updated At', 0, 0, 0, 0, 0, 0, NULL, 4),
(17, 3, 'id', 'number', 'ID', 1, 0, 0, 0, 0, 0, NULL, 1),
(18, 3, 'name', 'text', 'Name', 1, 1, 1, 1, 1, 1, NULL, 2),
(19, 3, 'created_at', 'timestamp', 'Created At', 0, 0, 0, 0, 0, 0, NULL, 3),
(20, 3, 'updated_at', 'timestamp', 'Updated At', 0, 0, 0, 0, 0, 0, NULL, 4),
(21, 3, 'display_name', 'text', 'Display Name', 1, 1, 1, 1, 1, 1, NULL, 5),
(22, 1, 'role_id', 'text', 'Role', 1, 1, 1, 1, 1, 1, NULL, 9),
(37, 8, 'id', 'text', 'Id', 1, 0, 0, 0, 0, 0, '{}', 1),
(38, 8, 'slider_id', 'number', 'ID слайдера', 0, 1, 1, 1, 1, 1, '{}', 2),
(39, 8, 'image', 'image', 'Картинка', 0, 1, 1, 1, 1, 1, '{}', 3),
(40, 8, 'title', 'text', 'Заголовок', 0, 1, 1, 1, 1, 1, '{}', 4),
(41, 8, 'description', 'rich_text_box', 'Описание', 0, 0, 1, 1, 1, 1, '{}', 5),
(42, 8, 'link', 'text', 'Ссылка', 0, 1, 1, 1, 1, 1, '{}', 6),
(43, 8, 'created_at', 'timestamp', 'Created At', 0, 0, 0, 0, 0, 0, '{}', 7),
(44, 8, 'updated_at', 'timestamp', 'Updated At', 0, 0, 0, 0, 0, 0, '{}', 8),
(45, 8, 'deleted_at', 'timestamp', 'Deleted At', 0, 0, 0, 0, 0, 0, '{}', 9),
(46, 9, 'id', 'text', 'Id', 1, 0, 0, 0, 0, 0, '{}', 1),
(47, 9, 'name', 'text', 'Название', 0, 1, 1, 1, 1, 1, '{}', 2),
(48, 9, 'img', 'image', 'Картинка', 0, 1, 1, 1, 1, 1, '{}', 4),
(49, 9, 'mini_description', 'text', 'Описание', 0, 1, 1, 1, 1, 1, '{}', 5),
(50, 9, 'description', 'rich_text_box', 'Текст', 0, 0, 1, 1, 1, 1, '{}', 6),
(51, 9, 'price', 'number', 'Цена', 0, 1, 1, 1, 1, 1, '{}', 7),
(52, 9, 'points', 'number', 'Баллы', 0, 1, 1, 1, 1, 1, '{}', 8),
(53, 9, 'created_at', 'timestamp', 'Created At', 0, 0, 0, 0, 0, 0, '{}', 9),
(54, 9, 'updated_at', 'timestamp', 'Updated At', 0, 0, 0, 0, 0, 0, '{}', 10),
(55, 9, 'deleted_at', 'timestamp', 'Deleted At', 0, 0, 0, 0, 0, 0, '{}', 11),
(56, 10, 'id', 'text', 'Id', 1, 0, 0, 0, 0, 0, '{}', 1),
(57, 10, 'title', 'text', 'Заголовок', 0, 1, 1, 1, 1, 1, '{}', 2),
(58, 10, 'date', 'date', 'Дата', 0, 1, 1, 1, 1, 1, '{}', 3),
(59, 10, 'img', 'image', 'Картинка', 0, 1, 1, 1, 1, 1, '{\"resize\":{\"width\":\"1000\",\"height\":null},\"quality\":\"70%\",\"upsize\":true,\"thumbnails\":[{\"name\":\"medium\",\"scale\":\"50%\"},{\"name\":\"small\",\"scale\":\"25%\"},{\"name\":\"cropped\",\"crop\":{\"width\":\"300\",\"height\":\"250\"}}]}', 4),
(60, 10, 'mini_description', 'text', 'Краткое описание', 0, 1, 1, 1, 1, 1, '{}', 5),
(61, 10, 'text', 'rich_text_box', 'Текст', 0, 0, 1, 1, 1, 1, '{}', 6),
(62, 10, 'created_at', 'timestamp', 'Created At', 0, 0, 0, 0, 0, 1, '{}', 7),
(63, 10, 'updated_at', 'timestamp', 'Updated At', 0, 0, 0, 0, 0, 0, '{}', 8),
(64, 10, 'deleted_at', 'timestamp', 'Deleted At', 0, 0, 0, 0, 0, 0, '{}', 9),
(65, 11, 'id', 'text', 'Id', 1, 0, 0, 0, 0, 0, '{}', 1),
(66, 11, 'name', 'text', 'Название', 0, 1, 1, 1, 1, 1, '{}', 2),
(67, 11, 'content', 'rich_text_box', 'Текст', 0, 0, 1, 1, 1, 1, '{}', 4),
(68, 11, 'created_at', 'timestamp', 'Created At', 0, 0, 0, 0, 0, 0, '{}', 5),
(69, 11, 'updated_at', 'timestamp', 'Updated At', 0, 0, 0, 0, 0, 0, '{}', 6),
(70, 11, 'deleted_at', 'timestamp', 'Deleted At', 0, 0, 0, 0, 0, 0, '{}', 7),
(71, 11, 'slug', 'text', 'Slug', 0, 1, 1, 1, 1, 1, '{\"slugify\":{\"origin\":\"name\",\"forceUpdate\":true}}', 3),
(72, 12, 'id', 'text', 'Id', 1, 0, 0, 0, 0, 0, '{}', 1),
(73, 12, 'title', 'text', 'Заголовок', 0, 1, 1, 1, 1, 1, '{}', 2),
(74, 12, 'date', 'date', 'Дата', 0, 1, 1, 1, 1, 1, '{}', 3),
(75, 12, 'img', 'image', 'Картинка', 0, 1, 1, 1, 1, 1, '{\"resize\":{\"width\":\"1000\",\"height\":null},\"quality\":\"70%\",\"upsize\":true,\"thumbnails\":[{\"name\":\"medium\",\"scale\":\"50%\"},{\"name\":\"small\",\"scale\":\"25%\"},{\"name\":\"cropped\",\"crop\":{\"width\":\"300\",\"height\":\"250\"}}]}', 4),
(76, 12, 'mini_description', 'text', 'Краткое описание', 0, 1, 1, 1, 1, 1, '{}', 5),
(77, 12, 'text', 'rich_text_box', 'Текст', 0, 1, 1, 1, 1, 1, '{}', 6),
(78, 12, 'created_at', 'timestamp', 'Created At', 0, 0, 0, 0, 0, 0, '{}', 7),
(79, 12, 'updated_at', 'timestamp', 'Updated At', 0, 0, 0, 0, 0, 0, '{}', 8),
(80, 12, 'deleted_at', 'timestamp', 'Deleted At', 0, 0, 0, 0, 0, 0, '{}', 9),
(81, 9, 'is_present', 'checkbox', 'Подарочный набор', 0, 1, 1, 1, 1, 1, '{}', 3);

-- --------------------------------------------------------

--
-- Структура таблицы `data_types`
--

CREATE TABLE `data_types` (
  `id` int(10) UNSIGNED NOT NULL,
  `name` varchar(191) COLLATE utf8mb4_unicode_ci NOT NULL,
  `slug` varchar(191) COLLATE utf8mb4_unicode_ci NOT NULL,
  `display_name_singular` varchar(191) COLLATE utf8mb4_unicode_ci NOT NULL,
  `display_name_plural` varchar(191) COLLATE utf8mb4_unicode_ci NOT NULL,
  `icon` varchar(191) COLLATE utf8mb4_unicode_ci DEFAULT NULL,
  `model_name` varchar(191) COLLATE utf8mb4_unicode_ci DEFAULT NULL,
  `policy_name` varchar(191) COLLATE utf8mb4_unicode_ci DEFAULT NULL,
  `controller` varchar(191) COLLATE utf8mb4_unicode_ci DEFAULT NULL,
  `description` varchar(191) COLLATE utf8mb4_unicode_ci DEFAULT NULL,
  `generate_permissions` tinyint(1) NOT NULL DEFAULT '0',
  `server_side` tinyint(4) NOT NULL DEFAULT '0',
  `details` text COLLATE utf8mb4_unicode_ci,
  `created_at` timestamp NULL DEFAULT NULL,
  `updated_at` timestamp NULL DEFAULT NULL
) ENGINE=InnoDB DEFAULT CHARSET=utf8mb4 COLLATE=utf8mb4_unicode_ci;

--
-- Дамп данных таблицы `data_types`
--

INSERT INTO `data_types` (`id`, `name`, `slug`, `display_name_singular`, `display_name_plural`, `icon`, `model_name`, `policy_name`, `controller`, `description`, `generate_permissions`, `server_side`, `details`, `created_at`, `updated_at`) VALUES
(1, 'users', 'users', 'User', 'Users', 'voyager-person', 'TCG\\Voyager\\Models\\User', 'TCG\\Voyager\\Policies\\UserPolicy', '', '', 1, 0, NULL, '2019-02-12 22:59:27', '2019-02-12 22:59:27'),
(2, 'menus', 'menus', 'Menu', 'Menus', 'voyager-list', 'TCG\\Voyager\\Models\\Menu', NULL, '', '', 1, 0, NULL, '2019-02-12 22:59:27', '2019-02-12 22:59:27'),
(3, 'roles', 'roles', 'Role', 'Roles', 'voyager-lock', 'TCG\\Voyager\\Models\\Role', NULL, '', '', 1, 0, NULL, '2019-02-12 22:59:27', '2019-02-12 22:59:27'),
(8, 'sliders', 'sliders', 'Слайдер', 'Слайдер', 'voyager-photo', 'App\\Slider', NULL, NULL, 'Слайдер', 1, 1, '{\"order_column\":null,\"order_display_column\":null,\"order_direction\":\"asc\",\"default_search_key\":null}', '2019-02-13 00:41:21', '2019-02-13 03:13:44'),
(9, 'products', 'products', 'Продукт', 'Продукты', 'voyager-shop', 'App\\Product', NULL, NULL, NULL, 1, 0, '{\"order_column\":null,\"order_display_column\":null,\"order_direction\":\"asc\",\"default_search_key\":null}', '2019-02-15 04:23:56', '2019-02-28 05:51:19'),
(10, 'news', 'news', 'Новость', 'Новости', 'voyager-news', 'App\\News', NULL, NULL, NULL, 1, 0, '{\"order_column\":null,\"order_display_column\":null,\"order_direction\":\"asc\",\"default_search_key\":null}', '2019-02-15 04:47:06', '2019-02-19 02:35:03'),
(11, 'contents', 'contents', 'Контент', 'Контент', 'voyager-pen', 'App\\Content', NULL, NULL, NULL, 1, 0, '{\"order_column\":null,\"order_display_column\":null,\"order_direction\":\"asc\",\"default_search_key\":null}', '2019-02-15 04:57:14', '2019-02-18 23:59:12'),
(12, 'stocks', 'stocks', 'Акция', 'Акции', NULL, 'App\\Stock', NULL, NULL, NULL, 1, 0, '{\"order_column\":null,\"order_display_column\":null,\"order_direction\":\"asc\",\"default_search_key\":null}', '2019-02-28 02:32:04', '2019-02-28 02:36:19');

-- --------------------------------------------------------

--
-- Структура таблицы `menus`
--

CREATE TABLE `menus` (
  `id` int(10) UNSIGNED NOT NULL,
  `name` varchar(191) COLLATE utf8mb4_unicode_ci NOT NULL,
  `created_at` timestamp NULL DEFAULT NULL,
  `updated_at` timestamp NULL DEFAULT NULL
) ENGINE=InnoDB DEFAULT CHARSET=utf8mb4 COLLATE=utf8mb4_unicode_ci;

--
-- Дамп данных таблицы `menus`
--

INSERT INTO `menus` (`id`, `name`, `created_at`, `updated_at`) VALUES
(1, 'admin', '2019-02-12 22:59:27', '2019-02-12 22:59:27'),
(2, 'site', '2019-02-12 23:39:25', '2019-02-12 23:39:25');

-- --------------------------------------------------------

--
-- Структура таблицы `menu_items`
--

CREATE TABLE `menu_items` (
  `id` int(10) UNSIGNED NOT NULL,
  `menu_id` int(10) UNSIGNED DEFAULT NULL,
  `title` varchar(191) COLLATE utf8mb4_unicode_ci NOT NULL,
  `url` varchar(191) COLLATE utf8mb4_unicode_ci NOT NULL,
  `target` varchar(191) COLLATE utf8mb4_unicode_ci NOT NULL DEFAULT '_self',
  `icon_class` varchar(191) COLLATE utf8mb4_unicode_ci DEFAULT NULL,
  `color` varchar(191) COLLATE utf8mb4_unicode_ci DEFAULT NULL,
  `parent_id` int(11) DEFAULT NULL,
  `order` int(11) NOT NULL,
  `created_at` timestamp NULL DEFAULT NULL,
  `updated_at` timestamp NULL DEFAULT NULL,
  `route` varchar(191) COLLATE utf8mb4_unicode_ci DEFAULT NULL,
  `parameters` text COLLATE utf8mb4_unicode_ci
) ENGINE=InnoDB DEFAULT CHARSET=utf8mb4 COLLATE=utf8mb4_unicode_ci;

--
-- Дамп данных таблицы `menu_items`
--

INSERT INTO `menu_items` (`id`, `menu_id`, `title`, `url`, `target`, `icon_class`, `color`, `parent_id`, `order`, `created_at`, `updated_at`, `route`, `parameters`) VALUES
(1, 1, 'Dashboard', '', '_self', 'voyager-boat', NULL, 5, 3, '2019-02-12 22:59:27', '2019-02-15 05:00:17', 'voyager.dashboard', NULL),
(2, 1, 'Медиа', '', '_self', 'voyager-images', '#000000', NULL, 7, '2019-02-12 22:59:27', '2019-02-28 02:35:22', 'voyager.media.index', 'null'),
(3, 1, 'Users', '', '_self', 'voyager-person', NULL, 5, 2, '2019-02-12 22:59:27', '2019-02-15 05:00:17', 'voyager.users.index', NULL),
(4, 1, 'Roles', '', '_self', 'voyager-lock', NULL, 5, 1, '2019-02-12 22:59:27', '2019-02-15 05:00:17', 'voyager.roles.index', NULL),
(5, 1, 'Tools', '', '_self', 'voyager-tools', NULL, NULL, 9, '2019-02-12 22:59:27', '2019-02-28 02:35:18', NULL, NULL),
(6, 1, 'Меню', '', '_self', 'voyager-list', '#000000', NULL, 1, '2019-02-12 22:59:27', '2019-02-18 23:42:46', 'voyager.menus.index', 'null'),
(7, 1, 'Database', '', '_self', 'voyager-data', NULL, 5, 4, '2019-02-12 22:59:27', '2019-02-18 23:42:35', 'voyager.database.index', NULL),
(8, 1, 'Compass', '', '_self', 'voyager-compass', NULL, 5, 5, '2019-02-12 22:59:27', '2019-02-18 23:42:35', 'voyager.compass.index', NULL),
(9, 1, 'BREAD', '', '_self', 'voyager-bread', NULL, 5, 6, '2019-02-12 22:59:27', '2019-02-18 23:42:35', 'voyager.bread.index', NULL),
(10, 1, 'Настройки', '', '_self', 'voyager-settings', '#000000', NULL, 8, '2019-02-12 22:59:27', '2019-02-28 02:35:18', 'voyager.settings.index', 'null'),
(11, 1, 'Hooks', '', '_self', 'voyager-hook', NULL, 5, 7, '2019-02-12 22:59:27', '2019-02-18 23:42:35', 'voyager.hooks', NULL),
(17, 1, 'Слайдер', '', '_self', 'voyager-photo', '#000000', NULL, 5, '2019-02-13 00:41:21', '2019-02-28 02:35:22', 'voyager.sliders.index', 'null'),
(18, 2, 'Новости', '/news', '_self', NULL, '#000000', NULL, 1, '2019-02-13 02:24:14', '2019-02-27 04:33:29', NULL, ''),
(26, 1, 'Продукты', '', '_self', 'voyager-shop', NULL, NULL, 2, '2019-02-15 04:23:56', '2019-02-18 23:42:35', 'voyager.products.index', NULL),
(27, 1, 'Новости', '', '_self', 'voyager-news', NULL, NULL, 4, '2019-02-15 04:47:06', '2019-02-28 02:35:22', 'voyager.news.index', NULL),
(28, 1, 'Контент', '', '_self', 'voyager-pen', NULL, NULL, 6, '2019-02-15 04:57:14', '2019-02-28 02:35:22', 'voyager.contents.index', NULL),
(29, 2, 'Бизнес', '/bussiness', '_self', NULL, '#000000', NULL, 5, '2019-02-18 23:43:33', '2019-03-01 03:03:23', NULL, ''),
(30, 2, 'Акции', '/stocks', '_self', NULL, '#000000', NULL, 2, '2019-02-18 23:43:59', '2019-02-28 02:33:55', NULL, ''),
(32, 2, 'Продукты', '/products', '_self', NULL, '#000000', NULL, 3, '2019-02-18 23:44:17', '2019-02-27 04:33:39', NULL, ''),
(35, 2, 'О компании', '/o-nas', '_self', NULL, '#000000', NULL, 8, '2019-02-19 00:23:50', '2019-02-28 22:35:07', NULL, ''),
(37, 1, 'Акции', '', '_self', 'voyager-news', '#000000', NULL, 3, '2019-02-28 02:32:04', '2019-02-28 02:35:39', 'voyager.stocks.index', 'null'),
(38, 2, 'show rooms', '/showrooms', '_self', NULL, '#000000', NULL, 4, '2019-02-28 22:34:05', '2019-02-28 23:45:25', NULL, ''),
(39, 2, 'Отзывы', '', '_self', NULL, '#000000', NULL, 6, '2019-02-28 22:34:26', '2019-02-28 22:34:31', NULL, ''),
(40, 2, 'Информация', '/', '_self', NULL, '#000000', NULL, 7, '2019-02-28 22:35:05', '2019-02-28 22:35:07', NULL, '');

-- --------------------------------------------------------

--
-- Структура таблицы `migrations`
--

CREATE TABLE `migrations` (
  `id` int(10) UNSIGNED NOT NULL,
  `migration` varchar(191) COLLATE utf8mb4_unicode_ci NOT NULL,
  `batch` int(11) NOT NULL
) ENGINE=InnoDB DEFAULT CHARSET=utf8mb4 COLLATE=utf8mb4_unicode_ci;

--
-- Дамп данных таблицы `migrations`
--

INSERT INTO `migrations` (`id`, `migration`, `batch`) VALUES
(1, '2014_10_12_000000_create_users_table', 1),
(2, '2014_10_12_100000_create_password_resets_table', 1),
(3, '2016_01_01_000000_add_voyager_user_fields', 1),
(4, '2016_01_01_000000_create_data_types_table', 1),
(5, '2016_05_19_173453_create_menu_table', 1),
(6, '2016_10_21_190000_create_roles_table', 1),
(7, '2016_10_21_190000_create_settings_table', 1),
(8, '2016_11_30_135954_create_permission_table', 1),
(9, '2016_11_30_141208_create_permission_role_table', 1),
(10, '2016_12_26_201236_data_types__add__server_side', 1),
(11, '2017_01_13_000000_add_route_to_menu_items_table', 1),
(12, '2017_01_14_005015_create_translations_table', 1),
(13, '2017_01_15_000000_make_table_name_nullable_in_permissions_table', 1),
(14, '2017_03_06_000000_add_controller_to_data_types_table', 1),
(15, '2017_04_21_000000_add_order_to_data_rows_table', 1),
(16, '2017_07_05_210000_add_policyname_to_data_types_table', 1),
(17, '2017_08_05_000000_add_group_to_settings_table', 1),
(18, '2017_11_26_013050_add_user_role_relationship', 1),
(19, '2017_11_26_015000_create_user_roles_table', 1),
(20, '2018_03_11_000000_add_user_settings', 1),
(21, '2018_03_14_000000_add_details_to_data_types_table', 1),
(22, '2018_03_16_000000_make_settings_value_nullable', 1);

-- --------------------------------------------------------

--
-- Структура таблицы `news`
--

CREATE TABLE `news` (
  `id` int(10) UNSIGNED NOT NULL,
  `title` varchar(255) COLLATE utf8mb4_unicode_ci DEFAULT NULL,
  `date` date DEFAULT NULL,
  `img` varchar(100) COLLATE utf8mb4_unicode_ci DEFAULT NULL,
  `mini_description` text COLLATE utf8mb4_unicode_ci,
  `text` text COLLATE utf8mb4_unicode_ci,
  `created_at` timestamp NULL DEFAULT NULL,
  `updated_at` timestamp NULL DEFAULT NULL,
  `deleted_at` timestamp NULL DEFAULT NULL
) ENGINE=InnoDB DEFAULT CHARSET=utf8mb4 COLLATE=utf8mb4_unicode_ci;

--
-- Дамп данных таблицы `news`
--

INSERT INTO `news` (`id`, `title`, `date`, `img`, `mini_description`, `text`, `created_at`, `updated_at`, `deleted_at`) VALUES
(1, 'открытие шоурума в г.Иркутск', '2019-02-21', 'posts/zxryQIXtoO3itV9VYdhBdR9a0im2MWsJ8ukasUn1.jpeg', NULL, '<p style=\"text-align: center;\">Уважаемые партнеры!</p><p>Сообщаем Вам об официальном открытии шоу-рума в г. Иркутск! &nbsp;На официальной открытии присутствовали топ-лидеры из Москвы. Главными спикерами были владельцы шоу-рума в г.Москва - Александр и Регина Горбуновы. Встреча прошла в дружной и радостной атмосфере. Партнеры провели презентацию и дегустацию наших уникальных продуктов, а так же провели обучение, ответили на важные вопросы.</p><p>Ждем Вас по адресу: <span data-address=\"г.Иркутск, ул.Горная 4\" data-address-query=\"город иркутск улица горная 4\" data-ids=\"168040561096269823\">ул.Горная 4</span>, Бизнес-центр на Горной, офис 407</p><p>Приглашайте всех партнеров, а также тех, кому ценное своей время, жизнь и энергия!&nbsp;</p><p>Контактное лицо: Ирина Лютина (владелец шоу-рума в г.Иркутск) +7 924 707 83 05, +7 902 171 01 10</p><p><img src=\"https://localhost/ip/public/storage/images/f6JvO4x0KgNhhBptujvkskOo0NeeT8suZQQopNes.jpeg\" style=\"width: 100%;\" class=\"fr-fic fr-dib\"></p><p>&nbsp;</p><p>&nbsp;С уважением, администрация &quot;IMAGINE PEOPLE&quot;</p><p>&nbsp;</p>', '2019-02-28 00:02:34', '2019-02-28 00:02:34', NULL),
(2, 'Региональный форум в Москве', '2019-02-21', 'posts/239CIv303sPGGwd9vGr0JxWRAVIJODHihn16qi8r.jpeg', NULL, '<p style=\"text-align: center;\"><strong><span style=\"font-family: Arial, Helvetica, sans-serif; font-size: 18px; color: rgb(71, 85, 119);\">Уважаемые партнеры!</span></strong></p><p><span style=\"color: rgb(71, 85, 119);\"><span style=\"font-size: 18px;\"><span style=\"font-family: Arial,Helvetica,sans-serif;\">После декабрьского грандиозного бизнес-форума &quot;Absolute Energy&quot;, команда партнеров стартует в эстафете форумов по городам России. Мы рады сообщить вам о предстоящем Региональном форуме &quot;Абсолютная энергия&quot;, который пройдет 16-го марта 2019 года, так же в г. Москва. Вас ждет уникальная информация от сооснователя компании &quot;IMAGINE PEOPLE&quot; Вячеслава Терентьева о стратегии компании. Вячеслав проведет закрытый тренинг для партнеров в текущем ранге &quot;Региональный директор&quot; за февраль, а так же для тех кто закроет ранг до 14 марта. С зажигательной речью выступит топ-лидер компании - Татьяна Воинцева, участники консультативного совета и другие топ-лидеры проведут обучение, вас ждут новые встречи и знакомства с лидерами наших команд.</span></span></span></p><p><span style=\"color: rgb(71, 85, 119);\"><span style=\"font-size: 18px;\"><span style=\"font-family: Arial,Helvetica,sans-serif;\"><strong>Почему нужно быть на форуме?</strong></span></span></span></p><p><span style=\"color: rgb(71, 85, 119);\"><span style=\"font-size: 18px;\"><span style=\"font-family: Arial,Helvetica,sans-serif;\">1. Получите ценные технологии для развития вашего бизнеса</span></span></span></p><p><span style=\"color: rgb(71, 85, 119);\"><span style=\"font-size: 18px;\"><span style=\"font-family: Arial,Helvetica,sans-serif;\">2. Узнаете как заработать свои первые 100 тысяч и обучите этому своих партнеров</span></span></span></p><p><span style=\"color: rgb(71, 85, 119);\"><span style=\"font-size: 18px;\"><span style=\"font-family: Arial,Helvetica,sans-serif;\">3. Вам расскажут о современных инструментах и каналах продаж</span></span></span></p><p><span style=\"color: rgb(71, 85, 119);\"><span style=\"font-size: 18px;\"><span style=\"font-family: Arial,Helvetica,sans-serif;\">4. Получите инструкцию как открыть свой шоу-рум и наладить его успешную, эффективную работу с хорошими доходами</span></span></span></p><p><span style=\"color: rgb(71, 85, 119);\"><span style=\"font-size: 18px;\"><span style=\"font-family: Arial,Helvetica,sans-serif;\">5. Познакомитесь с лидерами. Партнеры, входящих в 10-ку топ-лидеров компании, расскажут о своем опыте.</span></span></span></p><p><span style=\"color: rgb(71, 85, 119);\"><span style=\"font-size: 18px;\"><span style=\"font-family: Arial,Helvetica,sans-serif;\">6. Услышите истории успеха</span></span></span></p><p><span style=\"color: rgb(71, 85, 119);\"><span style=\"font-size: 18px;\"><span style=\"font-family: Arial,Helvetica,sans-serif;\">7. Так же вас ждет презентация продукта и фотосессия</span></span></span></p><p><span style=\"color: rgb(71, 85, 119);\"><span style=\"font-size: 18px;\"><span style=\"font-family: Arial, Helvetica, sans-serif;\"><strong>План мероприятия:</strong></span></span></span></p><p><span style=\"color: rgb(71, 85, 119);\"><span style=\"font-size: 18px;\"><span style=\"font-family: Arial,Helvetica,sans-serif;\">9:00-10:00 - регистрация участников закрытого тренинга</span></span></span></p><p><span style=\"color: rgb(71, 85, 119);\"><span style=\"font-size: 18px;\"><span style=\"font-family: Arial,Helvetica,sans-serif;\">10:00-11:30 - закрытый тренинг от сооснователя компании Вячеслава Терентьева ( только для партнеров, в текущем ранге &quot;Региональный директор&quot; в феврале и закрывших ранг до 14 марта.&nbsp;</span></span></span></p><p><span style=\"color: rgb(71, 85, 119);\"><span style=\"font-size: 18px;\"><span style=\"font-family: Arial,Helvetica,sans-serif;\">11:30-12:00 перерыв</span></span></span></p><p><span style=\"font-family: Arial, Helvetica, sans-serif; font-size: 18px; color: rgb(71, 85, 119);\">12:00-19:00 проведение форума для всех партнеров</span></p><p><span style=\"color: rgb(71, 85, 119);\"><span style=\"font-size: 18px;\"><span style=\"font-family: Arial,Helvetica,sans-serif;\"><strong>Приезжайте сами и привозите на форум большую и успешную команду единомышленников! Ждем вас и ваших партнеров на встрече, ведущей к успеху и победам!</strong></span></span></span></p><p><span style=\"color: rgb(71, 85, 119);\"><span style=\"font-size: 18px;\"><span style=\"font-family: Arial,Helvetica,sans-serif;\"><strong>Адрес:</strong> г.Москва, отель &quot;Holiday Inn&quot;, ул. Лесная 15, м. Белорусская</span></span></span></p><p><span style=\"color: rgb(71, 85, 119);\"><span style=\"font-size: 18px;\"><span style=\"font-family: Arial,Helvetica,sans-serif;\"><strong>Стоимость билета&nbsp;</strong>1 700 руб.&nbsp;</span></span></span></p><p><span style=\"color: rgb(71, 85, 119);\"><span style=\"font-size: 18px;\"><span style=\"font-family: Arial,Helvetica,sans-serif;\"><strong>Оплату за билеты можно произвести следующими способами:</strong></span></span></span></p><p><span style=\"color: rgb(71, 85, 119);\"><span style=\"font-size: 18px;\"><span style=\"font-family: Arial,Helvetica,sans-serif;\">1. в шоу-руме №71 в г. Москва по адресу: ул.Чаянова 14, владелец - Уражевская Елена&nbsp;</span></span></span></p><p><span style=\"color: rgb(71, 85, 119);\"><span style=\"font-size: 18px;\"><span style=\"font-family: Arial,Helvetica,sans-serif;\">2. в шоу-руме №56 в г. Москва по адресу: Тверская застава 3, владельцы - Александр и Регина Горбуновы</span></span></span></p><p><span style=\"color: rgb(71, 85, 119);\"><span style=\"font-size: 18px;\"><span style=\"font-family: Arial,Helvetica,sans-serif;\">3. можно перечислить на карту Нуждиной Ирине Геннадьевне- 4279 3800 2313 6858 ( в комментариях ничего не писать).</span></span></span></p><p><span style=\"color: rgb(71, 85, 119);\"><span style=\"font-size: 18px;\"><span style=\"font-family: Arial,Helvetica,sans-serif;\">Создаем чат и там публикуем списки: время перечисления,ФИО и город.&nbsp;</span></span></span></p><p><span style=\"color: rgb(71, 85, 119);\"><span style=\"font-size: 18px;\"><span style=\"font-family: Arial,Helvetica,sans-serif;\"><strong>Билеты уже в продаже!</strong></span></span></span></p><p><img src=\"https://localhost/ip/public/storage/images/0YrtT9F2FxUgzuffxBqn5UdYMUh4wq8yZ0lNLTvz.jpeg\" style=\"width: 100%;\" class=\"fr-fic fr-dib\"></p><p><span style=\"color: rgb(71, 85, 119);\"><span style=\"font-size: 18px;\"><span style=\"font-family: Arial,Helvetica,sans-serif;\">С уважением, администрация &quot;IMAGINE PEOPLE&quot;<br></span></span></span></p><p><br></p>', '2019-02-28 00:02:34', '2019-02-28 00:02:34', NULL),
(3, 'новый адрес шоу-рума в г.Уфа', '2019-02-15', 'posts/XqJZmGt9CARSaOkKpFSH21LIfqYiktGoMs3JFFa5.jpeg', NULL, '<p>Уважаемые партнеры!</p><p>Шоу-рум в г.Уфа отметил новоселье! Теперь офис находится по адресу: Верхнеторговая площадь 6, Бизнес-центр &quot;Нестеров&quot;.&nbsp;</p><p><em>&quot;Выбирая место, нам хотелось, чтобы оно соответствовало нашей компании, нашей продукции и нашим партнерам. Поэтому мы выбрали офис в самом лучшем Бизнес-центре класса А. На новоселье присутствовали партнеры компании. Встреча прошла в празднично-деловой атмосфере. По другому и быть не могло, потому что в компанию приходят особенные, приветливые люди, готовые делиться своей добротой и любовью. Выступили лидеры компании; Венера Валеева, Валентина Жилко, Алена Кирзнер, Валентина Сербина, Ольга Миняева, Наталья Ганеева. К сожалению, не всем удалось придти на это событие.&nbsp;</em></p><p><em>Гости с удовольствием смотрели и слушали выступление артистов Башкирского ансамбля &quot;Мирас&quot;. Встреча закончилась обменом опытом, новыми знакомствами, планами и чаепитием.&quot;</em></p><p style=\"text-align: right;\"><em>Владельцы шоу-рума в г.Уфа - Василь и Разифа Мугтасимовы</em></p><p><br></p><p><img src=\"https://localhost/ip/public/storage/images/7JwFKIrfYMzYglf6VezrYyhSwIGyQ5CjWUT89wmI.jpeg\" style=\"width: 100%;\" class=\"fr-fic fr-dib\"></p><p><br></p><p><img src=\"https://localhost/ip/public/storage/images/aSqXRwW6PeygT3jyLLCuipDpicrfHZK6XjwYbpn6.jpeg\" style=\"width: 100%;\" class=\"fr-fic fr-dib\"></p><p><img src=\"https://localhost/ip/public/storage/images/YntCPZGTv6o7KCR0JTiwtGhwssgSLgSS7wJ4xEem.jpeg\" style=\"width: 100%;\" class=\"fr-fic fr-dib\"></p><p><img src=\"https://localhost/ip/public/storage/images/pXSznSpExRi3SRINua6Bpq7y1NROjP3OEKXB4Q3G.jpeg\" style=\"width: 100%;\" class=\"fr-fic fr-dib\"></p><p><img src=\"https://localhost/ip/public/storage/images/CUZSG6TtnV0jeXz1DpnlIJGQEZZcRPocZVsaGLBk.jpeg\" style=\"width: 100%;\" class=\"fr-fic fr-dib\"></p><p><img src=\"https://localhost/ip/public/storage/images/23tZFSHlzIxOA9WE1viV69fTgFDve5R0SZK4TPoT.jpeg\" style=\"width: 100%;\" class=\"fr-fic fr-dib\"></p><p><img src=\"https://localhost/ip/public/storage/images/HBMCHiwJ2GlSEkEWSs54bhhY4qW2BGZrKCEqi4fF.jpeg\" style=\"width: 100%;\" class=\"fr-fic fr-dib\"></p>', '2019-02-28 00:02:34', '2019-02-28 00:02:34', NULL),
(4, 'Важная информация для партнеров компании', '2019-02-15', 'posts/fRMIpcsO0P9CEBKEaAD9a7eT25Tjpowf0zXsb2nx.png', NULL, '<p style=\"text-align: center;\"><span style=\"font-family: Arial, Helvetica, sans-serif; font-size: 18px;\">Уважаемые партнеры!</span></p><p><span style=\"font-size: 18px;\"><span style=\"font-family: Arial,Helvetica,sans-serif;\"><strong>Хотим сообщить вам важную информацию касательно ввода и вывода доходов партнеров компании IMAGINE PEOPLE.</strong></span></span></p><p><span style=\"font-size: 18px;\"><span style=\"font-family: Arial,Helvetica,sans-serif;\"><strong>С 1-го марта компания переходит на централизованный ВВОД и ВЫВОД финансовых средств. Это означает, что с 1-го марта 2019 г. переводы у.е. между кабинетами будет прекращено. Получить свои бонусы (возвратную скидку) партнер сможет лишь 3-мя способами:</strong></span></span></p><p><span style=\"font-size: 18px;\"><span style=\"font-family: Arial,Helvetica,sans-serif;\">1. Если вы партнер компании и у вас есть ИП, то вывод начисленных бонусов за предыдущий месяц будет производиться на расчетный счет ИП.</span></span></p><p><span style=\"font-size: 18px;\"><span style=\"font-family: Arial,Helvetica,sans-serif;\">2. Если вы партнер компании, но у вас нет ИП, то вывод начисленных бонусов за предыдущий месяц модно будет произвести по согласованию с другим партнером, имеющим ИП, так же на расчетный счет ИП.</span></span></p><p><span style=\"font-size: 18px;\"><span style=\"font-family: Arial,Helvetica,sans-serif;\">3. Если вы новичок или имеете небольшие доходы, то получить свои бонусы (возвратную скидку) сможете в шоу-руме , к которому будете прикреплены, но не более &nbsp;200 у.е. в месяц.</span></span></p><p><span style=\"font-size: 18px;\"><span style=\"font-family: Arial,Helvetica,sans-serif;\">Так в апреле, вы сможете получить частично или полностью свои бонусы (возвратную скидку) за март месяц.</span></span></p><p><span style=\"font-size: 18px;\"><span style=\"font-family: Arial,Helvetica,sans-serif;\">ВНИМАНИЕ! Просим Вас внимательно ознакомиться с более подробной информацией в &quot;Положении о вводе и выводе средств компании&quot; во вложении, т.к. эти правила будут действовать уже с 01 марта 2019 года.</span></span></p><p><span style=\"font-family: Arial, Helvetica, sans-serif; font-size: 18px;\">Все накопленные бонусы и дивиденды и (у.е.) до 1-го марта 2019 г остаются активны для приобретения продукции компании. Возможность вывода данных накопленных средств будет чуть позже.</span></p><p>&nbsp;<span style=\"font-family: Arial,Helvetica,sans-serif;\">С уважением, администрация &quot;<span style=\"font-size: 18px;\">IMAGINE PEOPLE</span>&quot;</span></p><p><a class=\"fr-file\" href=\"https://ip-one.net/storage/files/hlJLvyoKZmZSPVTxQmw7tbPUa1Y1dXzRPGM0zjxa.docx\" target=\"_blank\">Положение о Выводе и Вводе денежных средств.docx</a></p>', '2019-02-28 00:02:34', '2019-02-28 00:02:34', NULL),
(5, 'Защитные лейблы', '2019-02-12', 'posts/4J8NrRWZwUmPMGPRgepe9b7l8QZMGut43qjzIHNe.jpeg', NULL, '<p style=\"text-align: center;\">Уважаемые партнеры!</p><p>Уведомляем вас, что новая партия упаковок с продуктом &quot;ALFA Дигидрокверцетин&quot; будет с другими защитными этикетками. Так как использовавшимися раннее этикетки не сохраняют свои защитные функции при транспортировке продукта, в связи с этим они будут заменены на &nbsp;этикетки старого образца - круглый голографический лейбл с логотипом &quot;IMAGINE PEOPLE&quot; и надписью &quot;Made in Kazakhstan&quot; диаметром 20мм.</p><p>С Уважением, администрация &quot;IMAGINE PEOPLE&quot;</p>', '2019-02-28 00:02:34', '2019-02-28 00:02:34', NULL),
(6, 'Ждем Вас на Бизнес-форуме в г.Уфа!', '2019-02-04', 'posts/bmMExMmiHexj009b4Wc7wY5CPcdCOa8wDw2Wt4Po.jpeg', NULL, '<p style=\"text-align: center;\">Дорогие друзья!</p><p>С огромным удовольствием сообщаем Вам, что 16-17 февраля в г.Уфа состоится Бизнес-форум Урала &quot;Абсолютная энергия&quot;! В бизнес-форуме примут участие партнеры из разных городов: Оренбурга, Ижевска, Челябинска, Альметьевска, Тюмени, Стерлитамака, Ишимбая, Дюртюли, Салавата, Кумертау, Туймазы, Октябрьска, Нового Уренгоя, Тарко-сале, Снежинска, Казани, Лениногорска, Бугульмы, а так же с районных центров Башкирии. Участников форума ждут два незабываемых дня вдохновения и энергии, приветствие от основателя компании Вячеслава Терентьева, выступление топ-лидера Татьяны Воинцевой. Так же множество полезной информации от других топ-лидеров компании о возможностях и перспективах развития, от специалистов о наших фантастических продуктах. Лидеры поделятся опытом построения международного бизнеса.</p><p>Форум Урала - событие меняющее жизнь!</p><p><br>Ждем вас по адресу: г.Уфа, Верхнеторговая площадь, гостиница &quot;Holiday&quot;, конференц зал.</p><p><img src=\"https://localhost/ip/public/storage/images/tqq9wwCfUHzHFmtQR9yzE6QUXe3UbOyJFrOrM0yP.jpeg\" style=\"width: 100%;\" class=\"fr-fic fr-dib\"></p><p><img src=\"https://localhost/ip/public/storage/images/z8MdAecKrTLcMAP5kJyoGQS13nutGPFnbIaBImdG.jpeg\" style=\"width: 100%;\" class=\"fr-fic fr-dib\"></p>', '2019-02-28 00:02:34', '2019-02-28 00:02:34', NULL),
(7, 'Конференция в г.Геленджик', '2019-02-01', 'posts/y91kbO4eRYThjPyxCfOzgtPejTY9Ae4CpxL7WUea.jpeg', NULL, '<p style=\"text-align: center;\"><span style=\"font-family: Arial, Helvetica, sans-serif; font-size: 18px; color: rgb(40, 50, 78);\">Уважаемые партнеры! ВНИМАНИЕ!&nbsp;</span></p><p><span style=\"color: rgb(40, 50, 78);\"><span style=\"font-size: 18px;\"><span style=\"font-family: Arial,Helvetica,sans-serif;\">Геленджик зажигает звезды! 02 февраля 2019г Лидер компании &quot;IMAGINE PEOPLE&quot;, владелец шоу-рума в г.Краснодар Елена Севрикова &nbsp;и владельцы шоу-рума в г.Геленджик, &nbsp;семейная пара Николай и Ирина Чернышевы, приглашают всех партнеров и гостей компании на Первую городскую конференцию в г.Геленджике &quot;Живая вода &nbsp;21 века&quot;.&nbsp;</span></span></span></p><p><span style=\"color: rgb(40, 50, 78);\"><span style=\"font-size: 18px;\"><span style=\"font-family: Arial,Helvetica,sans-serif;\">Ждем Вас по адресу: г.Геленджик, ул. Горького №24-26, уг. ул. Толстого №22, Отель &laquo;CITY PLAZA&raquo;, конференц зал. Начало в 13:00&nbsp;</span></span></span></p><p><span style=\"color: rgb(40, 50, 78);\"><span style=\"font-size: 18px;\"><span style=\"font-family: Arial,Helvetica,sans-serif;\">Продолжительность встречи 4 часа. Вход свободный.&nbsp;</span></span></span></p><p><span style=\"color: rgb(40, 50, 78);\"><span style=\"font-size: 18px;\"><span style=\"font-family: Arial,Helvetica,sans-serif;\">&nbsp;Предварительная запись по тел. &nbsp;+7 989 8261045 Николай, Ирина или +7 918 6925131 Елена</span></span></span></p><p><img src=\"https://localhost/ip/public/storage/images/rsldZyV15xAWxwPEm33EKGNqMMZ0PB0pb0Jh3H9l.jpeg\" style=\"width: 100%;\" class=\"fr-fic fr-dib\"></p><p><img src=\"https://localhost/ip/public/storage/images/OhqpEUyWUv2M09QYnzkkD8RbGbb7BKjaQ6CDtY88.jpeg\" style=\"width: 100%;\" class=\"fr-fic fr-dib\"></p>', '2019-02-28 00:02:34', '2019-02-28 00:02:34', NULL),
(8, 'акции февраля', '2019-02-01', 'posts/SGRvMRpnha65xrJOnJSsbJ5Fj6d0JB6IbGD7sDwk.jpeg', NULL, '<ol><li style=\"text-align: center;\"><span style=\"font-family: Arial, Helvetica, sans-serif; font-size: 18px;\"><br><span style=\"color: rgb(40, 50, 78);\">Уважаемые партнеры!&nbsp;</span></span><ol style=\"text-align: left;\"><li style=\"text-align: center;\"><span style=\"font-size: 18px;\"><span style=\"font-family: Arial,Helvetica,sans-serif;\"><span style=\"color: rgb(40, 50, 78);\">На февраль у нас запланировано для вас много акций!<span style=\"font-size: 18px;\"><span style=\"font-family: Arial,Helvetica,sans-serif;\"><strong><br></strong></span></span></span></span></span></li><li style=\"text-align: justify;\"><br></li></ol></li></ol><ul><li style=\"text-align: justify;\"><span style=\"font-size: 18px;\"><span style=\"font-family: Arial,Helvetica,sans-serif;\"><strong>1. Скидка на Монокейсы Absolute Energy box и G-bio box.&nbsp;</strong></span></span></li><li style=\"text-align: justify;\"><span style=\"font-size: 18px;\"><span style=\"font-family: Arial,Helvetica,sans-serif;\"><strong>Только с 15 по 28 февраля</strong> стоимость <strong>Монокейса Absolute Energy box всего 320 у.е, кол-во баллов 120,&nbsp;</strong></span></span></li><li style=\"text-align: justify;\"><span style=\"font-size: 18px;\"><span style=\"font-family: Arial,Helvetica,sans-serif;\">&nbsp; &nbsp; &nbsp; &nbsp; &nbsp; &nbsp; &nbsp; &nbsp; &nbsp; &nbsp; &nbsp; &nbsp; &nbsp; &nbsp; &nbsp; &nbsp; &nbsp; &nbsp; &nbsp; &nbsp; &nbsp; &nbsp; &nbsp;&nbsp; &nbsp; с</span></span><span style=\"font-size: 18px;\"><span style=\"font-family: Arial,Helvetica,sans-serif;\">тоимость <strong>Монокейса G-bio box всего 200 у.е., кол-во баллов 75. &nbsp;</strong></span></span></li><li style=\"text-align: justify;\"><span style=\"font-size: 18px;\"><span style=\"font-family: Arial,Helvetica,sans-serif;\">Спешите приобрести! Акция действительна для всех партнеров!</span></span></li><li style=\"text-align: justify;\"><br></li></ul><p><span style=\"font-size: 18px;\"><span style=\"font-family: Arial,Helvetica,sans-serif;\"><span style=\"color: rgb(40, 50, 78);\"><strong>2. Акция &quot;Подарок при регистрации&quot;.&nbsp;</strong>Период действия акции с 01 по 28 февраля.&nbsp;</span></span></span></p><p><span style=\"font-size: 18px;\"><span style=\"font-family: Arial,Helvetica,sans-serif;\"><span style=\"color: rgb(40, 50, 78);\">При регистрации компания дарит новым партнерам подарки!&nbsp;</span></span></span></p><ol><li><span style=\"font-size: 18px;\"><span style=\"font-family: Arial,Helvetica,sans-serif;\"><span style=\"color: rgb(40, 50, 78);\">на пакет &quot;Старт&quot; партнер получает в подарок 1 Alfa ДГК</span></span></span></li><li><span style=\"font-size: 18px;\"><span style=\"font-family: Arial,Helvetica,sans-serif;\"><span style=\"color: rgb(40, 50, 78);\">на пакет &quot;Профессионал&quot; партнер получает в подарок 3 Water for life и 1 Alfa ДГК</span></span></span></li><li><span style=\"font-size: 18px;\"><span style=\"font-family: Arial,Helvetica,sans-serif;\"><span style=\"color: rgb(40, 50, 78);\">на пакет &quot;Мега&quot; партнер получает в подарок 6 Water for life и 2 Alfa ДГК</span></span></span></li></ol><p><span style=\"font-size: 18px;\"><span style=\"font-family: Arial,Helvetica,sans-serif;\"><br></span></span></p><p><span style=\"font-size: 18px;\"><span style=\"font-family: Arial,Helvetica,sans-serif;\"><span style=\"color: rgb(40, 50, 78);\"><strong>3. &nbsp;Акция &quot;Подарочные наборы в новом составе&quot;.&nbsp;</strong></span><strong><span style=\"color: rgb(40, 50, 78);\">Период действия акции с 01 по 28 февраля</span></strong><span style=\"color: rgb(40, 50, 78);\"><span style=\"color: rgb(40, 50, 78);\"><br></span></span></span></span></p><ol><li><span style=\"font-size: 18px;\"><span style=\"font-family: Arial,Helvetica,sans-serif;\"><span style=\"color: rgb(40, 50, 78);\"><strong>Набор №1</strong></span></span></span></li><li><span style=\"font-size: 18px;\"><span style=\"font-family: Arial,Helvetica,sans-serif;\"><span style=\"color: rgb(40, 50, 78);\">Clear Space (4-х гран) - 1 шт<br>Water for life - 1 шт<br>Absolute Energy - 1 шт<br></span></span></span></li><li><br></li><li><span style=\"font-size: 18px;\"><span style=\"font-family: Arial,Helvetica,sans-serif;\"><span style=\"color: rgb(40, 50, 78);\">Цена без скидки - 200 уе<br>Цена со скидкой - &nbsp;140 уе</span></span></span></li><li><span style=\"font-size: 18px;\"><span style=\"font-family: Arial,Helvetica,sans-serif;\"><span style=\"color: rgb(40, 50, 78);\">50 баллов</span></span></span></li><li><span style=\"font-size: 18px;\"><span style=\"font-family: Arial,Helvetica,sans-serif;\"><span style=\"color: rgb(40, 50, 78);\"><strong>Экономия 60 уе<br></strong><br><strong>Набор №2</strong></span></span></span></li><li><span style=\"font-size: 18px;\"><span style=\"font-family: Arial,Helvetica,sans-serif;\"><span style=\"color: rgb(40, 50, 78);\">&nbsp;Clear Space (4-х гран) - 1 шт<br>Water for life - 1 шт<br>Absolute Energy - 1 шт</span></span></span></li><li><span style=\"font-size: 18px;\"><span style=\"font-family: Arial,Helvetica,sans-serif;\"><span style=\"color: rgb(40, 50, 78);\">БТК G-Bio - 1 шт</span></span></span></li><li><span style=\"font-size: 18px;\"><span style=\"font-family: Arial,Helvetica,sans-serif;\"><span style=\"color: rgb(40, 50, 78);\"><br>Цена без скидки - 250 уе<br>Цена со скидкой - &nbsp;175 уе</span></span></span></li><li><span style=\"font-size: 18px;\"><span style=\"font-family: Arial,Helvetica,sans-serif;\"><span style=\"color: rgb(40, 50, 78);\">60 баллов</span></span></span></li><li><span style=\"font-size: 18px;\"><span style=\"font-family: Arial,Helvetica,sans-serif;\"><span style=\"color: rgb(40, 50, 78);\"><strong>Экономия 75 уе</strong><br><br><strong>Набор №3</strong></span></span></span></li><li><span style=\"font-size: 18px;\"><span style=\"font-family: Arial,Helvetica,sans-serif;\"><span style=\"color: rgb(40, 50, 78);\">Clear Space (4-х гран) - 1 шт<br>Water for life - 1 шт<br>Absolute Energy - 1 шт</span></span></span></li><li><span style=\"font-size: 18px;\"><span style=\"font-family: Arial,Helvetica,sans-serif;\"><span style=\"color: rgb(40, 50, 78);\">БТК G-Bio - 1 шт</span></span></span></li><li><span style=\"font-size: 18px;\"><span style=\"font-family: Arial,Helvetica,sans-serif;\"><span style=\"color: rgb(40, 50, 78);\">ALFA ДГК - 1 шт</span></span></span></li><li><span style=\"font-size: 18px;\"><span style=\"font-family: Arial,Helvetica,sans-serif;\"><span style=\"color: rgb(40, 50, 78);\"><br>Цена без скидки - 330 уе<br>Цена со скидкой - &nbsp;230 уе<br>80 баллов</span></span></span></li><li><span style=\"font-size: 18px;\"><span style=\"font-family: Arial,Helvetica,sans-serif;\"><span style=\"color: rgb(40, 50, 78);\"><strong>Экономия 100 уе</strong><br><br></span></span></span></li><li><span style=\"font-size: 18px;\"><span style=\"font-family: Arial,Helvetica,sans-serif;\"><strong><span style=\"color: rgb(40, 50, 78);\">Набор №4</span></strong></span></span></li><li><span style=\"font-size: 18px;\"><span style=\"font-family: Arial,Helvetica,sans-serif;\"><span style=\"color: rgb(40, 50, 78);\">Clear Space (4-х гран) - 1 шт<br>Water for life - 1 шт<br>Absolute Energy - 1 шт</span></span></span></li><li><span style=\"font-size: 18px;\"><span style=\"font-family: Arial,Helvetica,sans-serif;\"><span style=\"color: rgb(40, 50, 78);\">БТК G-Bio - 1 шт</span></span></span></li><li><span style=\"font-size: 18px;\"><span style=\"font-family: Arial,Helvetica,sans-serif;\"><span style=\"color: rgb(40, 50, 78);\">ALFA ДГК - 1 шт</span></span></span></li><li><span style=\"font-size: 18px;\"><span style=\"font-family: Arial,Helvetica,sans-serif;\"><span style=\"color: rgb(40, 50, 78);\">Тоник для глаз W nature - 1 шт</span></span></span></li><li><span style=\"font-size: 18px;\"><span style=\"font-family: Arial,Helvetica,sans-serif;\"><span style=\"color: rgb(40, 50, 78);\"><br>Цена без скидки - 340 уе<br>Цена со скидкой - &nbsp;238 уе<br>85 баллов</span></span></span></li><li><span style=\"font-size: 18px;\"><span style=\"font-family: Arial,Helvetica,sans-serif;\"><span style=\"color: rgb(40, 50, 78);\"><strong>Экономия 102 уе</strong></span></span></span></li></ol><p><span style=\"font-size: 18px;\"><span style=\"font-family: Arial,Helvetica,sans-serif;\"><span style=\"color: rgb(40, 50, 78);\"><br><strong>4. АКЦИЯ &quot;Комплекс функционального питания в п</strong><strong>одарок!&quot;&nbsp;</strong><strong>Период действия акции с 01 февраля по 30 апреля.</strong></span></span></span></p><ul><li><span style=\"font-size: 18px;\"><span style=\"font-family: Arial,Helvetica,sans-serif;\"><span style=\"color: rgb(40, 50, 78);\">Выполните следующие условия и получите новинку от компании &quot;Комплекс функционального питания&quot; в подарок:</span></span></span></li><li><span style=\"font-size: 18px;\"><span style=\"font-family: Arial,Helvetica,sans-serif;\"><span style=\"color: rgb(40, 50, 78);\">&nbsp; &nbsp; &nbsp; &nbsp; &nbsp; &nbsp; &nbsp;заказы на 100 баллов и более с 01 по 28 февраля&nbsp;</span></span></span></li><li><span style=\"font-size: 18px;\"><span style=\"font-family: Arial,Helvetica,sans-serif;\"><span style=\"color: rgb(40, 50, 78);\">&nbsp; &nbsp; &nbsp; &nbsp; &nbsp; &nbsp; &nbsp;заказы на 100 баллов и более с 01 по 31 марта</span></span></span></li><li><span style=\"font-size: 18px;\"><span style=\"font-family: Arial,Helvetica,sans-serif;\">&nbsp; &nbsp; &nbsp; &nbsp; &nbsp; &nbsp; &nbsp;<span style=\"color: rgb(40, 50, 78);\">заказы на 100 баллов и более с 01 по 30 апреля&nbsp;</span></span></span></li><li><span style=\"font-size: 18px;\"><span style=\"font-family: Arial,Helvetica,sans-serif;\"><span style=\"color: rgb(40, 50, 78);\">Заказы могут быть накопительными в течение месяца, но обязательно в каждом месяце действия акции личный объем должен быть не менее 100 баллов.</span></span></span></li><li><span style=\"font-size: 18px;\"><span style=\"font-family: Arial,Helvetica,sans-serif;\"><span style=\"color: rgb(40, 50, 78);\">Акция действует на каждые 100 баллов, выполненные в течение месяца. Например, если партнер выполняет по 200 баллов личного объема в каждом месяце действия акция, то он получает в подарок 2 комплекса функционального питания в подарок. Подарки выдаются после окончания акции.&nbsp;</span></span></span></li><li><span style=\"font-size: 18px;\"><span style=\"font-family: Arial,Helvetica,sans-serif;\"><span style=\"color: rgb(40, 50, 78);\">В акции могут участвовать все активные партнеры, также партнеры сделавшие апгрейд.</span></span></span></li><li><span style=\"font-size: 18px;\"><span style=\"font-family: Arial,Helvetica,sans-serif;\"><span style=\"color: rgb(40, 50, 78);\"><br></span></span></span></li><li><span style=\"font-size: 18px;\"><span style=\"font-family: Arial,Helvetica,sans-serif;\"><span style=\"color: rgb(40, 50, 78);\"><strong>Бонус!</strong> При выполнении личного объема на каждые 100 баллов в любом месяце действия акции партнер дополнительно получает 1 тоник для глаз &quot;W nature&quot; в подарок! Например, если партнер <span style=\"color: rgb(40, 50, 78);\">выполняет по 200 баллов личного объема в любом месяце действия акция, то он получает 2 <span style=\"color: rgb(40, 50, 78);\">тоника для глаз &quot;W nature&quot;&nbsp;</span>в подарок.&nbsp;</span></span></span></span></li><li><span style=\"font-size: 18px;\"><span style=\"font-family: Arial,Helvetica,sans-serif;\"><span style=\"color: rgb(40, 50, 78);\"><br></span></span></span></li><li><span style=\"color: rgb(40, 50, 78); font-family: Arial, Helvetica, sans-serif; font-size: 18px;\">С уважением, Администрация &quot;IMAGINE PEOPLE&quot;</span></li></ul>', '2019-02-28 00:02:34', '2019-02-28 00:02:34', NULL),
(9, 'АКЦИИ', '2019-01-15', 'posts/DXZssUsYWD69zMJxsIUX1QIeJJ5qVcwKaw83dDlW.jpeg', NULL, '<p><span style=\"color: rgb(71, 85, 119); font-family: Arial, Helvetica, sans-serif; font-size: 18px;\">Уважаемые партнеры!<br>Рады сообщить вам о новых промоушенах на 2019 год.<br><br></span><span style=\"color: rgb(71, 85, 119); font-family: Arial, Helvetica, sans-serif; font-size: 24px;\"><strong>1. Акция &laquo;Бизнес-путешествие с основателями компании на о.Кипр&raquo;</strong></span><span style=\"color: rgb(71, 85, 119); font-family: Arial, Helvetica, sans-serif; font-size: 18px;\"><br><br>Кипр - островное государство, в теплом <span data-address=\"Средиземном море\" data-address-query=\"Средиземном море\" data-ids=\"168040561096268954\">Средиземном море</span>, с очень чистыми пляжами и хорошим сервисом и удивительной природой.<br>Программа отдыха:<br>1 день: тренинги от основателя компании Вячеслава Терентьева.<br>Тренинг это разновидность обучения, цель которого развитие умений, &nbsp;навыков и деловых качеств команды. В настоящее время именно такая форма обучения наиболее эффективна во всём мире.<br><br>2 и 3дни: Экскурсионные<br>Кипр считается скоплением святых мест, ведь здесь жили известные проповедники и хранились многие христианские ценности. Паломники всего мира едут на Кипр поклониться святыням. Да и нам интересно будет взглянуть на храмы, монастыри, религиозные памятники и реликвии и другие достопримечательности острова.<br>4 день: отдых. Отдых на Кипре &ndash; это чистейшие пляжи, покрытые вулканическим песком, разнообразная кухня. Здесь прекрасный, мягкий климат и, наверное, самый чистый в мире воздух.</span></p><p><span style=\"color: rgb(71, 85, 119); font-family: Arial, Helvetica, sans-serif; font-size: 18px;\"><strong>Чтобы квалифицироваться на поездку, необходимо выполнить следующие условия:</strong><br>1. с 14.01 по 30.04 закрыть 500 степов<br>2. в апреле месяце открыть или подтвердить Федерального Директора<br>3. иметь в апреле 2-х лично приглашенных в квалификации Федеральный Директор ( одного в одной ветке и одного в другой )<br><img src=\"https://localhost/ip/public/storage/images/WdgfvGfVpDMI1kzoICiIX44JAJeV2F2TxmPrc3T1.jpeg\" style=\"width: 100%;\" class=\"fr-fic fr-dib\"></span></p><p><img src=\"https://localhost/ip/public/storage/images/JhGzbvsTnZhbi6X0iso1ozmOzDLC3NqO4nYJJPqi.jpeg\" style=\"width: 100%;\" class=\"fr-fic fr-dib\"></p><p><img src=\"https://localhost/ip/public/storage/images/Pl5OpG2WVZz06czzIYMDuLHWOVmCz1hh5KviFADN.jpeg\" style=\"width: 100%;\" class=\"fr-fic fr-dib\"></p><p><span style=\"color: rgb(71, 85, 119); font-family: Arial, Helvetica, sans-serif; font-size: 24px;\"><strong>2. Акция &laquo;Мой автомобиль&raquo;</strong></span><span style=\"color: rgb(71, 85, 119); font-family: Arial, Helvetica, sans-serif; font-size: 18px;\"><br>В прошлом году два партнера компании уже стали обладателями автомобилей марки Mercedes Benz , и в этом году и у других партнеров есть такой шанс!<br><br><strong>Чтобы получить от компании автомобиль марки Mercedes Benz* в ПОДАРОК</strong>, необходимо выполнить следующую квалификацию:<br>1. с 14.01 по 31.05 закрыть 1250 степов<br>2. в мае месяце открыть или подтвердить ранг Международного Директора<br>3. иметь в мае месяце 4-х лично приглашенных в квалификации Федеральный Директор ( два в одной ветке и два в другой )<br><img src=\"https://localhost/ip/public/storage/images/rFOtYvrdMzFbPsSSYi6MYHiqlcZPMmI3SPegxCfd.jpeg\" style=\"width: 100%;\" class=\"fr-fic fr-dib\"></span><span style=\"color: rgb(71, 85, 119); font-family: Arial, Helvetica, sans-serif; font-size: 14px;\"><em>*внешний вид фактического приза может &nbsp;отличаться от его изображения в рекламных материалах представленных организатором для ознакомления с акцией</em></span><span style=\"color: rgb(71, 85, 119); font-family: Arial, Helvetica, sans-serif; font-size: 18px;\"><br>С уважением, администрация &laquo;IMAGINE PEOPLE&raquo;&nbsp;</span></p>', '2019-02-28 00:02:34', '2019-02-28 00:02:34', NULL),
(10, 'презентация в г.Краснодар', '2019-01-11', 'posts/2HDOw5Awlq4RxYJhz7Y91uAXn24ItOmuOaqvch3V.jpeg', NULL, '<h3><strong>УВАЖАЕМЫЕ ПАРТНЕРЫ! ПРИГЛАШАЕМ ВСЕХ НА ГОРОДСКУЮ ПРЕЗЕНТАЦИЮ КОМПАНИИ IMAGINE PEOPLE в г.Краснодар!<br></strong></h3><h4>&nbsp;</h4><h4><strong>В программе:</strong></h4><p>1. &nbsp;Презентация продукта.<br>2. &nbsp;Дегустация Water for life, &nbsp;Absolute Еnergy и тоник для глаз W nature.<br>3. &nbsp;Врач Лариса Брюханова ответит на ваши вопросы.<br>4. &nbsp;Партнеры поделятся своими результатами. Вы можете принять участие в чаепитии по завершению мероприятия<br>(сладости к чаю партнеры приносят по желанию).&nbsp;</p><p>Начало события 12 января в 12-00.</p><p>Ждем вас! Приходите сами, приглашайте своих друзей.</p><p>Запись участников на событие по тел. +7 918 692 51 31 (WhatsApp)</p><p>С уважением, владелец шоу-рума в г. Краснодар, Елена Севрикова</p><p>Адрес: <span data-address=\"г. Краснодар, ул. Красная 124 офис\" data-address-query=\"город краснодар улица красная 124 офис\" data-ids=\"167759086119558102\">г. Краснодар, ул. Красная 124 офис</span> 302/304 конференц зал.</p>', '2019-02-28 00:02:34', '2019-02-28 00:02:34', NULL),
(11, 'Акции января!', '2019-01-02', 'posts/G0i10YyYM1q7SBf3ENo46o7RtcY5QFBxdPjtcL1I.jpeg', NULL, '<p style=\"text-align: center;\"><span style=\"font-size: 18px;\"><span style=\"color: rgb(71, 85, 119); font-family: Arial, Helvetica, sans-serif;\">Уважаемые партнёры!</span></span></p><p><span style=\"font-size: 18px;\"><span style=\"font-family: Arial,Helvetica,sans-serif;\"><span style=\"color: rgb(71, 85, 119);\">Сообщаем Вам об акциях на январь. В январе продолжается скидка на подарочные наборы, а так же при единовременном заказе продукции на 150 &nbsp;баллов и выше в подарок получаете пятигранную пирамидку. <br></span></span></span></p><ul><li style=\"text-align: center;\"><br><ul><li style=\"text-align: left;\"><span style=\"font-size: 18px;\"><span style=\"font-family: Arial,Helvetica,sans-serif;\"><span style=\"color: rgb(184, 49, 47);\"><strong><u>1. Акция &quot;Снегопад цен&quot;. Подарочные наборы со скидкой 30%</u></strong></span></span></span></li><li style=\"text-align: left;\"><span style=\"font-size: 18px;\"><span style=\"font-family: Arial,Helvetica,sans-serif;\"><span style=\"color: rgb(71, 85, 119);\"><br></span><span style=\"color: rgb(184, 49, 47);\"><strong>Новогодний набор №1:</strong> &nbsp;</span></span></span></li><li style=\"text-align: left;\"><span style=\"font-size: 18px;\"><span style=\"font-family: Arial,Helvetica,sans-serif;\"><span style=\"color: rgb(71, 85, 119);\">&nbsp;Water for life - 2 шт</span></span></span></li><li style=\"text-align: left;\"><span style=\"font-size: 18px;\"><span style=\"font-family: Arial,Helvetica,sans-serif;\"><span style=\"color: rgb(71, 85, 119);\">&nbsp;БТК G-Bio - 1 шт</span></span></span></li><li style=\"text-align: left;\"><span style=\"font-size: 18px;\"><span style=\"font-family: Arial,Helvetica,sans-serif;\"><span style=\"color: rgb(71, 85, 119);\">Absolute Energy - 1 шт&nbsp;</span></span></span></li><li style=\"text-align: left;\"><span style=\"font-size: 18px;\"><span style=\"font-family: Arial,Helvetica,sans-serif;\"><span style=\"color: rgb(71, 85, 119);\">Цена набора - 147 у.е. Количество баллов - 50<br></span></span></span></li><li style=\"text-align: left;\"><span style=\"font-size: 18px;\"><span style=\"font-family: Arial,Helvetica,sans-serif;\"><span style=\"color: rgb(71, 85, 119);\"><br></span></span></span></li><li style=\"text-align: left;\"><span style=\"font-size: 18px;\"><span style=\"font-family: Arial,Helvetica,sans-serif;\"><span style=\"color: rgb(184, 49, 47);\"><strong>Новогодний набор №2:</strong></span></span></span></li><li style=\"text-align: left;\"><span style=\"font-size: 18px;\"><span style=\"font-family: Arial,Helvetica,sans-serif;\"><span style=\"color: rgb(71, 85, 119);\">Water for life - 2 шт</span></span></span></li><li style=\"text-align: left;\"><span style=\"font-size: 18px;\"><span style=\"font-family: Arial,Helvetica,sans-serif;\"><span style=\"color: rgb(71, 85, 119);\">БТК G-Bio - 1 шт</span></span></span></li><li style=\"text-align: left;\"><span style=\"font-size: 18px;\"><span style=\"font-family: Arial,Helvetica,sans-serif;\"><span style=\"color: rgb(71, 85, 119);\">Clear space- 1 шт</span></span></span></li><li style=\"text-align: left;\"><span style=\"font-size: 18px;\"><span style=\"font-family: Arial,Helvetica,sans-serif;\"><span style=\"color: rgb(71, 85, 119);\">Цена набора - 147 у.е. Количество баллов - 50</span></span></span></li><li style=\"text-align: left;\"><span style=\"font-size: 18px;\"><span style=\"font-family: Arial,Helvetica,sans-serif;\"><span style=\"color: rgb(71, 85, 119);\"><br></span><span style=\"color: rgb(184, 49, 47);\"><strong>Новогодний набор №3:</strong></span></span></span></li><li style=\"text-align: left;\"><span style=\"font-size: 18px;\"><span style=\"font-family: Arial,Helvetica,sans-serif;\"><span style=\"color: rgb(71, 85, 119);\">Water for life - 2 шт</span></span></span></li><li style=\"text-align: left;\"><span style=\"font-size: 18px;\"><span style=\"font-family: Arial,Helvetica,sans-serif;\"><span style=\"color: rgb(71, 85, 119);\">БТК G-Bio - 1 шт</span></span></span></li><li style=\"text-align: left;\"><span style=\"font-size: 18px;\"><span style=\"font-family: Arial,Helvetica,sans-serif;\"><span style=\"color: rgb(71, 85, 119);\">ДГК ALFA- 1 шт</span></span></span></li><li style=\"text-align: left;\"><span style=\"font-size: 18px;\"><span style=\"font-family: Arial,Helvetica,sans-serif;\"><span style=\"color: rgb(71, 85, 119);\">Цена набора - 147 у.е. Количество баллов - 50</span></span></span></li><li style=\"text-align: left;\"><span style=\"font-size: 18px;\"><span style=\"font-family: Arial,Helvetica,sans-serif;\"><span style=\"color: rgb(71, 85, 119);\"><br></span><span style=\"color: rgb(184, 49, 47);\"><strong>Новогодний набор №4:</strong></span></span></span></li><li style=\"text-align: left;\"><span style=\"font-size: 18px;\"><span style=\"font-family: Arial,Helvetica,sans-serif;\"><span style=\"color: rgb(71, 85, 119);\">Water for life - 2 шт</span></span></span></li><li style=\"text-align: left;\"><span style=\"font-size: 18px;\"><span style=\"font-family: Arial,Helvetica,sans-serif;\"><span style=\"color: rgb(71, 85, 119);\">БТК G-Bio - 1 шт</span></span></span></li><li style=\"text-align: left;\"><span style=\"font-size: 18px;\"><span style=\"font-family: Arial,Helvetica,sans-serif;\"><span style=\"color: rgb(71, 85, 119);\">Absolute Energy - 1 шт</span></span></span></li><li style=\"text-align: left;\"><span style=\"font-size: 18px;\"><span style=\"font-family: Arial,Helvetica,sans-serif;\"><span style=\"color: rgb(71, 85, 119);\">Clear space- 1 шт</span></span></span></li><li style=\"text-align: left;\"><span style=\"font-size: 18px;\"><span style=\"font-family: Arial,Helvetica,sans-serif;\"><span style=\"color: rgb(71, 85, 119);\">ДГК ALFA- 1 шт</span></span></span></li><li style=\"text-align: left;\"><span style=\"font-size: 18px;\"><span style=\"font-family: Arial,Helvetica,sans-serif;\"><span style=\"color: rgb(71, 85, 119);\">Бутылка с логотипом - 1 шт</span></span></span></li><li style=\"text-align: left;\"><span style=\"font-size: 18px;\"><span style=\"font-family: Arial,Helvetica,sans-serif;\"><span style=\"color: rgb(71, 85, 119);\">Цена набора - 270 у.е. Количество баллов - 100</span></span></span><ul><li><span style=\"font-size: 18px;\"><span style=\"font-family: Arial,Helvetica,sans-serif;\"><span style=\"color: rgb(71, 85, 119);\"><br></span></span></span></li><li><span style=\"font-size: 18px;\"><span style=\"font-family: Arial,Helvetica,sans-serif;\"><span style=\"color: rgb(71, 85, 119);\"><strong>Период действия акции с 01 по 31 января включительно!</strong></span></span></span></li></ul></li></ul></li><li><span style=\"font-size: 18px;\"><span style=\"font-family: Arial,Helvetica,sans-serif;\"><span style=\"color: rgb(71, 85, 119);\"><br></span><span style=\"color: rgb(184, 49, 47);\"><strong><u>2. Акция &quot;Пятигранная пирамида в подарок&quot;</u></strong></span></span></span></li><li><span style=\"font-size: 18px;\"><span style=\"font-family: Arial,Helvetica,sans-serif;\"><br></span></span></li></ul><div><span style=\"font-size: 18px;\"><span style=\"font-family: Arial,Helvetica,sans-serif;\"><span style=\"color: rgb(71, 85, 119);\">При единовременном заказе любой продукции на 150 баллов в подарок получаете пятигранную пирамиду Clear Space в подарок! &nbsp; &nbsp;</span></span></span></div><div><span style=\"font-size: 18px;\"><span style=\"font-family: Arial,Helvetica,sans-serif;\"><span style=\"color: rgb(71, 85, 119);\"><strong>Количество заказов не ограниченно! <br></strong></span></span></span></div><div><span style=\"font-size: 18px;\"><span style=\"font-family: Arial,Helvetica,sans-serif;\"><span style=\"color: rgb(71, 85, 119);\">Выдача подарков по итогам акции начнется в конце февраля 2019 года. &nbsp;&nbsp;</span></span></span></div><div><span style=\"font-size: 18px;\"><span style=\"font-family: Arial,Helvetica,sans-serif;\"><span style=\"color: rgb(184, 49, 47);\"><strong>Внимание! Заказ должен быть единовременным!</strong></span></span></span></div><p><span style=\"font-size: 18px;\"><span style=\"font-family: Arial,Helvetica,sans-serif;\"><span style=\"color: rgb(71, 85, 119);\"><strong>Период действия акции с 01 по 31 января включительно!</strong></span></span></span></p><p><span style=\"font-size: 18px;\"><em><span style=\"color: rgb(71, 85, 119); font-family: Arial, Helvetica, sans-serif;\">С уважением, Администрация &quot;IMAGINE PEOPLE&quot;</span></em></span></p>', '2019-02-28 00:02:34', '2019-02-28 00:02:34', NULL),
(12, 'Закрытие декабря и профилактические работы', '2018-12-31', 'posts/fwilU5XROplKSJjw8KnlGRooe5hQMzVMV9sTEDIi.jpeg', 'Дорогие партнеры! Поздравляем Вас с наступающим Новым Годом!', '<p>Дорогие партнеры! Поздравляем Вас с наступающим Новым Годом, желаем Вам успехов в нашем общем деле, здоровья и счастья! Сообщаем, что декабрь будет закрыт в 21:00 по московскому часовому поясу, затем система будет закрыта на техническое обслуживание до 2 января 00:00.</p>', '2019-02-28 00:02:34', '2019-02-28 00:02:34', NULL),
(13, 'Видео презентация продуктов компании', '2018-12-27', 'posts/diWK6VtD4MVMOq6ZG7FTXFTnYqUe1QR2BNM7rZdk.jpeg', NULL, '<p>Уважаемые партнеры!&nbsp;</p><p>С радостью предлагаем ознакомиться с видео презентацией о компании &quot;IMAGINE PEOPLE&quot; и продуктах компании. <span class=\"fr-video fr-fvc fr-dvi fr-draggable\" contenteditable=\"false\"><iframe src=\"https://www.youtube.com/embed/MJrJsk8N-8c\" allowfullscreen=\"\" class=\"fr-draggable\" width=\"100%\" height=\"600\" frameborder=\"0\"></iframe></span></p><p><span class=\"fr-video fr-fvc fr-dvi fr-draggable\" contenteditable=\"false\"><iframe src=\"https://www.youtube.com/embed/uMKt2WedkE8\" allowfullscreen=\"\" class=\"fr-draggable\" width=\"100%\" height=\"600\" frameborder=\"0\"></iframe></span><br></p><p><span class=\"fr-video fr-fvc fr-dvi fr-draggable\" contenteditable=\"false\"><iframe src=\"https://www.youtube.com/embed/K3vMUqrqN6U\" allowfullscreen=\"\" class=\"fr-draggable\" width=\"100%\" height=\"600\" frameborder=\"0\"></iframe></span></p><p><span class=\"fr-video fr-fvc fr-dvi fr-draggable\" contenteditable=\"false\"><iframe src=\"https://www.youtube.com/embed/zO7V01Lq8a0\" allowfullscreen=\"\" class=\"fr-draggable\" width=\"100%\" height=\"600\" frameborder=\"0\"></iframe></span><br></p><p><span class=\"fr-video fr-fvc fr-dvi fr-draggable\" contenteditable=\"false\"><iframe src=\"https://www.youtube.com/embed/WDQI5ism0dQ\" allowfullscreen=\"\" class=\"fr-draggable\" width=\"100%\" height=\"600\" frameborder=\"0\"></iframe></span></p><p><span class=\"fr-video fr-fvc fr-dvi fr-draggable\" contenteditable=\"false\"><iframe src=\"https://www.youtube.com/embed/sEOw5K_RXLk\" allowfullscreen=\"\" class=\"fr-draggable\" width=\"100%\" height=\"600\" frameborder=\"0\"></iframe></span></p>', '2019-02-28 00:02:34', '2019-02-28 00:02:34', NULL),
(14, 'График работы ЦО', '2018-12-27', 'posts/PjI1wvtdQg5zoAXNihWTLNUNaTMsbCAz7kaJ22DE.jpeg', NULL, '<p>Дорогие друзья, поздравляем вас с Новым годом! Желаем вам в грядущем году мира, добра, здоровья, как можно больше тепла и уюта, неисчерпаемых жизненных сил, достижения поставленных целей. Пусть новый год сопровождается только положительными эмоциями и знаменательными событиями.</p><p>С уважением, коллектив компании &quot;IMAGINE PEOPLE&quot;</p><p>Сообщаем Вам, что центральный офис начинает свою работу с 10 января 2019 года!</p>', '2019-02-28 00:02:34', '2019-02-28 00:02:34', NULL);
INSERT INTO `news` (`id`, `title`, `date`, `img`, `mini_description`, `text`, `created_at`, `updated_at`, `deleted_at`) VALUES
(15, 'Фото-отчет: Бизнес форум Absolute Energy', '2018-12-27', 'posts/h7CWXJzkuYXDSVhKlF8Dz5AcXJR53QoMaU4k2SPd.jpeg', NULL, '<p style=\"text-align: center;\">Уважаемые друзья!</p><p>15-16 декабря прошел пятый Бизнес Форум Absolute energy &nbsp;в г. Москва. Хотим поделиться с вами небольшим фото отчетом! Наш форум посетили более 350 партнеров с разных городов и стран.</p><p><img src=\"https://localhost/ip/public/storage/images/utBc0E6QrBnhqck0xHHdytNvssViui00iun3E3RN.jpeg\" style=\"width: 100%;\" class=\"fr-fic fr-dib\"></p><p><img src=\"https://localhost/ip/public/storage/images/CopAFCaqmU64yKrReKXp6gAEyZCkeXBSnGmtzgVg.jpeg\" style=\"width: 100%;\" class=\"fr-fic fr-dib\"></p><p><img src=\"https://localhost/ip/public/storage/images/irEM0Dqqv14V1cbuBYHuciYHlezwLiseYGHHmK9h.jpeg\" style=\"width: 100%;\" class=\"fr-fic fr-dib\"></p><p><img src=\"https://localhost/ip/public/storage/images/bncqnrb7LCZzCbqcU1uQvprZODMauaacaaqCAIKa.jpeg\" style=\"width: 100%;\" class=\"fr-fic fr-dib\"></p><p><img src=\"https://localhost/ip/public/storage/images/Jp4xBX2iQTl65vh9noL6OpYezJRUGe6XidVZjOj4.jpeg\" style=\"width: 100%;\" class=\"fr-fic fr-dib\"></p><p>&nbsp;Два дня форума прошли очень быстро, партнеры получили много полезной информации, прошли обучающий тренинг от основателя компании Вячеслава Терентьева.</p><p><img src=\"https://localhost/ip/public/storage/images/0VMFLNaqrHPZHZv2bgFpZiBtN79gYUW8oHdY9ego.jpeg\" style=\"width: 100%;\" class=\"fr-fic fr-dib\"></p><p><img src=\"https://localhost/ip/public/storage/images/7iTsYIUUqN4J5TSd3nUFOBJHXurBv7T9rkXoMfHb.jpeg\" style=\"width: 100%;\" class=\"fr-fic fr-dib\"></p><p><img src=\"https://localhost/ip/public/storage/images/xDj8L1GoyiSN4mGexf9aR8YweKZuiTfONOefRKpQ.jpeg\" style=\"width: 100%;\" class=\"fr-fic fr-dib\"></p><p><img src=\"https://localhost/ip/public/storage/images/XpYeWWjTWRmPxYT1fFPywelXCOhv9sJT9ZiS73fO.jpeg\" style=\"width: 100%;\" class=\"fr-fic fr-dib\"></p><p><img src=\"https://localhost/ip/public/storage/images/aBDQhjLsUovA0bltIJDud9KyFH9R2HLOEIiGxhcq.jpeg\" style=\"width: 100%;\" class=\"fr-fic fr-dib\"></p><p><img src=\"https://localhost/ip/public/storage/images/n371A0dz8M0FXN5qmL64x9EXKsyBWtLpFLSQCpZH.jpeg\" style=\"width: 100%;\" class=\"fr-fic fr-dib\"></p><p><img src=\"https://localhost/ip/public/storage/images/CQWiEODWve1iq2yLa7T68y4q5GJ4w72SBQIxRRjx.jpeg\" style=\"width: 100%;\" class=\"fr-fic fr-dib\"></p><p><img src=\"https://localhost/ip/public/storage/images/Gf9jBNdA1DfDtx7gblgjSHglgvSQjhKLbPpACgmi.jpeg\" style=\"width: 100%;\" class=\"fr-fic fr-dib\"></p><p><img src=\"https://localhost/ip/public/storage/images/jDcyHpf6247hVTq2k5LZ8MlA3fIgyujOEkOyLQsJ.jpeg\" style=\"width: 100%;\" class=\"fr-fic fr-dib\"></p><p>Была проведена официальная презентация новинки компании - Тоник для глаз &quot;W nature&quot;. Многие успели оценить их действие, т.к. каждый участник форума получил их в подарок.</p><p><img src=\"https://localhost/ip/public/storage/images/fjuWcDHS3PmxKFCfXEdBxUXMaVJaL6D1K9glijMJ.jpeg\" style=\"width: 100%;\" class=\"fr-fic fr-dib\"></p><p><img src=\"https://localhost/ip/public/storage/images/CKdC633jqtTKHgEt5R5iPnS5g4SUrNcvQ3XxCMCH.jpeg\" style=\"width: 100%;\" class=\"fr-fic fr-dib\"></p><p>Топ-лидеры компании поделились своим опытом о построении бизнеса.&nbsp;</p><p><img src=\"https://localhost/ip/public/storage/images/R6eSn63u3P6ED3WiUA5mqdNq3FYHjq9IaIUnocA9.jpeg\" style=\"width: 100%;\" class=\"fr-fic fr-dib\"></p><p><img src=\"https://localhost/ip/public/storage/images/3adLEbefBzbuKq8qoxRVqvwgNKJ8QFbq4GEDDwg9.jpeg\" style=\"width: 100%;\" class=\"fr-fic fr-dib\"></p><p><img src=\"https://localhost/ip/public/storage/images/vJ7R1r64keERAQObjMH6p5PUVAgqaiqNucrSQyl0.jpeg\" style=\"width: 100%;\" class=\"fr-fic fr-dib\"></p><p><img src=\"https://localhost/ip/public/storage/images/C2l6nH3RcBoeXnK7j9sjuK3edQfr5Fm6ka67gyJ6.jpeg\" style=\"width: 100%;\" class=\"fr-fic fr-dib\"></p><p><img src=\"https://localhost/ip/public/storage/images/ok13SKlJV2E90QvIoP508ZTnHDLGt5WeF9k6nnK1.jpeg\" style=\"width: 100%;\" class=\"fr-fic fr-dib\"></p><p><img src=\"https://localhost/ip/public/storage/images/T9I0j3PWIXesM7ElB8y5YFbHRblKsln0VyKr3kDs.jpeg\" style=\"width: 100%;\" class=\"fr-fic fr-dib\"></p><p>Самая приятная часть: награждение партнеров по номинациям: лучшие наставники, лучшие шоу-румы, победители в акции &quot;Путешествуй с компанией&quot;, участников лидерского совета компании и...</p><p><img src=\"https://localhost/ip/public/storage/images/YUX879mJXNTojr4mOdAaYBbwcBndeslOo3S8dUp4.jpeg\" style=\"width: 100%;\" class=\"fr-fic fr-dib\"></p><p><img src=\"https://localhost/ip/public/storage/images/11AaRM4GOwBiaLhqn2BNJfJJ0l971czRtNMHaG3G.jpeg\" style=\"width: 100%;\" class=\"fr-fic fr-dib\"></p><p><img src=\"https://localhost/ip/public/storage/images/vjVAK8a5UxlQryGpcwFshiL0s0L0izmRUbGs6Y0T.jpeg\" style=\"width: 100%;\" class=\"fr-fic fr-dib\"></p><p><img src=\"https://localhost/ip/public/storage/images/A0t8g4AJV0EJFa57vpIgYHGYPC2wCYNqiIJ2H2Mn.jpeg\" style=\"width: 100%;\" class=\"fr-fic fr-dib\"></p><p><img src=\"https://localhost/ip/public/storage/images/5qB5MJ22JYMKhpQSE1faefoYjiRhCNcKbNdUauJ5.png\" style=\"width: 100%;\" class=\"fr-fic fr-dib\"></p><p>Победители новой акции &quot;Мой автомобиль&quot;</p><p><img src=\"https://localhost/ip/public/storage/images/3WGyKbIbCrvrZzqG22ZvPMtHyDwwV42q6BR29iRZ.jpeg\" style=\"width: 100%;\" class=\"fr-fic fr-dib\"></p><p>и их автомобили, которые ждали их сразу у входа в отель Рэдиссон!</p><p><img src=\"https://localhost/ip/public/storage/images/YQxIpQpep6O0b2lUw4yv5AndNyNAIix3zx4qEecN.jpeg\" style=\"width: 100%;\" class=\"fr-fic fr-dib\"></p><p><img src=\"https://localhost/ip/public/storage/images/X8JGi3IdiE2jeAjvHuLcZymaMKOmriuFeTauqm2Z.jpeg\" style=\"width: 100%;\" class=\"fr-fic fr-dib\"></p><p>Еще больше фото с форума смотрите здесь: <a href=\"https://yadi.sk/d/LaeRQGymbNnD-w\">https://yadi.sk/d/LaeRQGymbNnD-w</a>&nbsp;</p><p>С Уважением, администрация &quot;IMAGINE PEOPLE&quot;</p>', '2019-02-28 00:02:34', '2019-02-28 00:02:34', NULL),
(16, 'Представители шоу-рума в Москве запустили систему обучения для всех желающих', '2018-12-21', 'posts/sUOm2wgCtBUIpSzbi3QNFpRskD4KkVEp6eUg6uMI.jpeg', NULL, '<ol><li style=\"text-align: center;\"><span style=\"color: rgb(71, 85, 119); font-family: Arial, Helvetica, sans-serif; font-size: 18px;\"><strong>Уважаемые партнеры!</strong></span></li></ol><p style=\"text-align: center;\"><span style=\"font-size: 18px;\"><span style=\"font-family: Arial,Helvetica,sans-serif;\"><span style=\"color: rgb(71, 85, 119);\"><strong>С радостью сообщаем Вам, что в шоу-руме в г. Москва запущена система обучения!</strong></span></span></span></p><p><span style=\"font-size: 18px;\"><span style=\"font-family: Arial,Helvetica,sans-serif;\"><span style=\"color: rgb(71, 85, 119);\">Представители шоу-рума в Москве запустили систему обучения для всех желающих узнать полную информацию о продукте, компании, бизнесе, акциях и новостях. &nbsp;</span></span></span></p><p><span style=\"font-size: 18px;\"><span style=\"font-family: Arial,Helvetica,sans-serif;\"><span style=\"color: rgb(71, 85, 119);\"><strong>Каждый вторник:</strong></span></span></span></p><p><span style=\"font-size: 18px;\"><span style=\"font-family: Arial,Helvetica,sans-serif;\"><span style=\"color: rgb(71, 85, 119);\"><strong>&nbsp;</strong>в 15.00 вас ждет &quot;Школа о продукте&quot; для новичков и партнеров</span></span></span></p><p><span style=\"font-size: 18px;\"><span style=\"font-family: Arial,Helvetica,sans-serif;\"><span style=\"color: rgb(71, 85, 119);\">Природный источник энергии, здоровья и долголетия!&nbsp;</span></span></span></p><p><span style=\"font-size: 18px;\"><span style=\"font-family: Arial,Helvetica,sans-serif;\"><span style=\"color: rgb(71, 85, 119);\"><strong>Каждый четверг:</strong></span></span></span></p><p><span style=\"font-size: 18px;\"><span style=\"font-family: Arial,Helvetica,sans-serif;\"><span style=\"color: rgb(71, 85, 119);\"><strong>в 15:00:</strong> &quot;Школа о продукте&quot; для новичков и партнеров.</span></span></span></p><p><span style=\"font-size: 18px;\"><span style=\"font-family: Arial,Helvetica,sans-serif;\"><span style=\"color: rgb(71, 85, 119);\">Природный источник энергии, здоровья и долголетия!&nbsp;</span></span></span></p><p><span style=\"font-size: 18px;\"><span style=\"font-family: Arial,Helvetica,sans-serif;\"><span style=\"color: rgb(71, 85, 119);\"><strong>в 16:00:&nbsp;</strong>&quot;Школа о бизнесе&quot; Как построить глобальный международный бизнес в компании&nbsp;</span></span></span></p><p><span style=\"font-size: 18px;\"><span style=\"font-family: Arial,Helvetica,sans-serif;\"><span style=\"color: rgb(71, 85, 119);\">Ждем вас каждый вторник, четверг по адресу: 1 минута от метро Белорусская (кольцевая), <span data-address=\"пл.Тверская Застава 3 оф.321\" data-address-query=\"площадь тверская застава 3 оф.321\" data-ids=\"167759086119557799\">пл.Тверская Застава 3 оф.321</span>&nbsp;</span></span></span></p><p><span style=\"font-size: 18px;\"><span style=\"font-family: Arial,Helvetica,sans-serif;\"><span style=\"color: rgb(71, 85, 119);\">По всем вопросам обращайтесь по телефону горячей линии 8 800 600 45 47 (звонок бесплатный)</span></span></span></p><p><span style=\"font-size: 18px;\"><span style=\"font-family: Arial,Helvetica,sans-serif;\"><span style=\"color: rgb(71, 85, 119);\">Режим работы шоу-рума: будние дни 11:00-20:00, сб. 11:00-17:00, воскр.-выходной&nbsp;</span></span></span></p><p><span style=\"color: rgb(71, 85, 119);\"><em><span style=\"font-family: Arial, Helvetica, sans-serif; font-size: 18px;\">контактное лицо: <em>Горбунова Регина</em></span></em></span></p><p><em><span style=\"color: rgb(71, 85, 119);\"><span style=\"font-size: 18px;\"><span style=\"font-family: Arial,Helvetica,sans-serif;\"><em>+7 963 757 98 88</em></span></span></span></em></p><p><em><span style=\"color: rgb(71, 85, 119);\"><span style=\"font-size: 18px;\"><span style=\"font-family: Arial,Helvetica,sans-serif;\"><em>+7 499 394 78 48</em></span></span></span></em></p><p><em><span style=\"color: rgb(71, 85, 119);\"><span style=\"font-size: 18px;\"><span style=\"font-family: Arial,Helvetica,sans-serif;\"><em><a data-orig-href=\"http://gidroplazma.ru/\" data-vdir-href=\"https://mail.yandex.kz/re.jsx?uid=1130000027731808&c=LIZA&cv=15.3.3&mid=167759086119557799&h=a,w-BzHQlTdi4gIUZk7z17XA&l=aHR0cDovL2dpZHJvcGxhem1hLnJ1Lw\" href=\"http://gidroplazma.ru/\" rel=\"noopener noreferrer\" target=\"_blank\">http://gidroplazma.ru/</a>&nbsp;</em></span></span></span></em></p><p><em><span style=\"color: rgb(71, 85, 119);\"><span style=\"font-size: 18px;\"><span style=\"font-family: Arial,Helvetica,sans-serif;\"><em><a data-orig-href=\"https://vk.com/gidroplazma_msk\" data-vdir-href=\"https://mail.yandex.kz/re.jsx?uid=1130000027731808&c=LIZA&cv=15.3.3&mid=167759086119557799&h=a,Uzb2Qv4QEToLwJR0T34kDw&l=aHR0cHM6Ly92ay5jb20vZ2lkcm9wbGF6bWFfbXNr\" href=\"https://vk.com/gidroplazma_msk\" rel=\"noopener noreferrer\" target=\"_blank\">https://vk.com/gidroplazma_msk</a>&nbsp;</em></span></span></span></em></p><p><span style=\"color: rgb(71, 85, 119);\"><em><span style=\"font-family: Arial, Helvetica, sans-serif; font-size: 18px;\"><a data-orig-href=\"https://www.instagram.com/gidroplazma_ru/\" data-vdir-href=\"https://mail.yandex.kz/re.jsx?uid=1130000027731808&c=LIZA&cv=15.3.3&mid=167759086119557799&h=a,ertohVrIHP78OG-KSWcQ5g&l=aHR0cHM6Ly93d3cuaW5zdGFncmFtLmNvbS9naWRyb3BsYXptYV9ydS8\" href=\"https://www.instagram.com/gidroplazma_ru/\" rel=\"noopener noreferrer\" target=\"_blank\"><em>https://www.instagram.com/gidroplazma_ru</em></a></span></em></span><span style=\"color: rgb(71, 85, 119);\"><em><span style=\"font-family: Arial, Helvetica, sans-serif; font-size: 18px;\"><em><img src=\"https://localhost/ip/public/storage/images/Xqg6NlGvsewOL2ILLIBhKS7sanyILtuUePbNJ2Dl.jpeg\" style=\"width: 100%;\" class=\"fr-fic fr-dib\"></em></span></em></span><img src=\"https://localhost/ip/public/storage/images/Ke2QtXwtjfwC13eckxVRFjkVH9m3CspLD930LFYE.jpeg\" style=\"width: 100%;\" class=\"fr-fic fr-dib\"></p><p><span style=\"color: rgb(71, 85, 119);\"><em><span style=\"font-family: Arial, Helvetica, sans-serif; font-size: 18px;\"><em><img src=\"https://localhost/ip/public/storage/images/8lcBqbC0qHC5ER6M0zmY7RU9AWwpzeOQCHh4wdky.jpeg\" style=\"width: 100%;\" class=\"fr-fic fr-dib\"></em></span></em></span></p><p><img src=\"https://localhost/ip/public/storage/images/wjNyOcZCtN0IsJUQiurDKhg297KbWTMekDTgqavH.jpeg\" style=\"width: 100%;\" class=\"fr-fic fr-dib\"></p><p><img src=\"https://localhost/ip/public/storage/images/topbWscCV7sT6qskzJ93WS4XsmszhLiYBlpxdMp6.jpeg\" style=\"width: 100%;\" class=\"fr-fic fr-dib\"></p><p><img src=\"https://localhost/ip/public/storage/images/WblC1umzlMIIMEjR9zxswAsVMRhjlZPX022TXFHg.jpeg\" style=\"width: 100%;\" class=\"fr-fic fr-dib\"></p><p><img src=\"https://localhost/ip/public/storage/images/m2VZyQdPtnl4dVJHOv7TNl5PCnoRgrwE0vHY7QXx.jpeg\" style=\"width: 100%;\" class=\"fr-fic fr-dib\"></p><p><br></p><p><img src=\"https://localhost/ip/public/storage/images/OFPJlTgcWJ6V1UJIqyhdrP8hRPoKlEiwNrY38ZfJ.jpeg\" style=\"width: 100%;\" class=\"fr-fic fr-dib\"></p><p><img src=\"https://localhost/ip/public/storage/images/0Cf43M3mzeEWDMBs3xcaiN0O3Ntu6JD4XK44vSmQ.jpeg\" style=\"width: 100%;\" class=\"fr-fic fr-dib\"></p><p><img src=\"https://localhost/ip/public/storage/images/9wh7Bkp2qATsJGA7qz605YCGiXpodiPBwsvaZaRp.jpeg\" style=\"width: 100%;\" class=\"fr-fic fr-dib\"></p>', '2019-02-28 00:02:34', '2019-02-28 00:02:34', NULL),
(17, 'Условия получения продукции в Шоу-Румах', '2018-12-20', 'posts/ysfjmMyDZN8Q3TSlpzepWJmUDbT6b3SUweAOCy9z.jpeg', 'Просим Вас обратить внимание на изменение условий получения продукции в Шоу-Румах.', '<div style=\"text-align: center;\"><span style=\"font-family: Arial, Helvetica, sans-serif; font-size: 18px; color: rgb(41, 105, 176);\">Уважаемые партнеры!</span></div><p><span style=\"color: rgb(41, 105, 176);\"><span style=\"font-size: 18px;\"><span style=\"font-family: Arial,Helvetica,sans-serif;\">Просим Вас обратить внимание на изменение условий получения продукции в Шоу-Румах. При получении продукции в Шоу-Руме необходимо оплатить доставку до Шоу-Рума. Оплата доставки производится в офисе Шоу-Рума.</span></span></span></p><p><span style=\"color: rgb(41, 105, 176);\"><span style=\"font-size: 18px;\"><span style=\"font-family: Arial,Helvetica,sans-serif;\">1. Пакет &laquo;Пробный&raquo;, <span style=\"color: rgb(41, 105, 176);\"><span style=\"font-size: 18px;\"><span style=\"font-family: Arial,Helvetica,sans-serif;\">&laquo;Старт&raquo;</span></span></span> или заказ до 1 000 у.е - оплата доставки будет составлять 3% от стоимости заказа (включая подарок). &nbsp; &nbsp; &nbsp; &nbsp; &nbsp; &nbsp; &nbsp; &nbsp; &nbsp; &nbsp; &nbsp; &nbsp; &nbsp; &nbsp; &nbsp; &nbsp; &nbsp; &nbsp;</span></span></span></p><p><span style=\"color: rgb(41, 105, 176);\"><span style=\"font-size: 18px;\"><span style=\"font-family: Arial,Helvetica,sans-serif;\">&nbsp;2. Пакет &laquo;Профессионал&raquo; или заказ от 1 000 у.е. до 2 000 у.е. - оплата доставки будет составлять 2,5% от стоимости заказа (включая подарок).</span></span></span></p><p><span style=\"color: rgb(41, 105, 176);\"><span style=\"font-size: 18px;\"><span style=\"font-family: Arial,Helvetica,sans-serif;\">3. Пакет &laquo;Мега&raquo; или заказ продукции от 2 000 у.е. и выше - оплата доставки будет составлять 2% от стоимости заказа (включая подарок). &nbsp;&nbsp;</span></span></span></p><p><span style=\"color: rgb(41, 105, 176);\"><span style=\"font-size: 18px;\"><span style=\"font-family: Arial,Helvetica,sans-serif;\"><strong>Например: </strong>Партнер зарегистрировался в компании на пакет <span style=\"color: rgb(41, 105, 176);\"><span style=\"font-size: 18px;\"><span style=\"font-family: Arial,Helvetica,sans-serif;\"><span style=\"color: rgb(41, 105, 176);\"><span style=\"font-size: 18px;\"><span style=\"font-family: Arial,Helvetica,sans-serif;\">&laquo;Старт&raquo;</span></span></span></span></span></span>, стоимость пакета 250 у.е. в подарок партнер получил 1 флакон Absolute Energy стоимостью 80 у.е., итого партнер должен заплатить в офисе Шоу Рума за доставку 10 у.е.</span></span></span></p><p><span style=\"color: rgb(41, 105, 176);\"><span style=\"font-size: 18px;\"><span style=\"font-family: Arial,Helvetica,sans-serif;\">&nbsp; &nbsp; &nbsp; &nbsp; &nbsp; При отправлении заказа через Транспортную компанию, оплата доставки осуществляется курьеру, согласно тарифам транспортной компании.&nbsp;</span></span></span></p><p><span style=\"color: rgb(41, 105, 176);\"><span style=\"font-size: 18px;\"><span style=\"font-family: Arial,Helvetica,sans-serif;\">При отправлении заказа через транспортную компанию DHL, оплата доставки осуществляется согласно выставленному счету в Личном кабинете партнера. Оплату можно произвести через банковскую карту или у.е. со счета партнера.</span></span></span></p><p><span style=\"color: rgb(41, 105, 176);\"><span style=\"font-size: 18px;\"><span style=\"font-family: Arial,Helvetica,sans-serif;\">С Уважением,</span></span></span></p><p><span style=\"font-family: Arial, Helvetica, sans-serif; font-size: 18px; color: rgb(41, 105, 176);\">Администрация &laquo;IMAGINE PEOPLE&rdquo;</span></p>', '2019-02-28 00:02:34', '2019-02-28 00:02:34', NULL),
(18, 'Приглашаем Вас на Первый Форум Юга России, который состоится 22 ДЕКАБРЯ В 14:00!', '2018-12-19', 'posts/uTPJQG0hpM6ufq43TVgORSY2T9GhXoNjf2FdgpF6.png', NULL, '<p style=\"text-align: center;\"><span style=\"font-family: Arial, Helvetica, sans-serif; color: rgb(71, 85, 119);\"><strong>Уважаем партнеры!</strong></span></p><p style=\"text-align: center;\"><span style=\"font-family: Arial, Helvetica, sans-serif; color: rgb(71, 85, 119);\"><strong>Приглашаем Вас на Первый Форум Юга России, который состоится 22 ДЕКАБРЯ В 14:00!</strong></span></p><p><span style=\"font-family: Arial, Helvetica, sans-serif; color: rgb(71, 85, 119);\"><br>ПРИГЛАШАЕМ ВСЕХ ПАРТНЕРОВ КОМПАНИИ &quot;IMAGINE PEOPLE&quot; в г. КРАСНОДАР!<br><strong>В программе:</strong><br>1. Постпромоушен Московского Бизнес-Форума &quot;Absolute Energy&quot;<br>2. Презентация новых продуктов компании.<br>3. Отзывы и результаты партнеров компании.<br>4. Новогодний фуршет.<br>5. Дегустация биогенной воды Water for life и Аbsolute Еnergy.<br>6. Праздничная лотерея.<br><strong>Каждый участник Форума получает в подарок набор печатной продукции.</strong><br>Так же вы можете провести регистрацию своих новых партнеров, оформить заказы и получить продукцию.<br>Организатор события:<br>Лидер компании &quot;IMAGINE PEOPLE&quot;, член консультативного совета, владелец шоу-рума в г. Краснодар - Елена Севрикова.<br><strong>МЕГА НОВОСТЬ:<br>Почетные гости Форума: Топ Лидеры компании в ранге международный директор - Ольга Тетерина и в ранге федеральный директор, врач-инфекционист Галина Бодарацкая!!!</strong><br><br><strong>Адрес:</strong> г.<span data-address=\"Краснодар, ул. Красная 124 офис\" data-address-query=\"краснодар улица красная 124 офис\" data-ids=\"167759086119557671\">Краснодар, ул. Красная 124 офис</span> 302/304, конференц зал.<br>Запись участников Форума по тел. +7 918 692 51 31<br>Начало регистрации участников в 13:00<br><br><strong>О своем участии уже заявили &nbsp;партнеры из многих городов:</strong> Краснодар, &nbsp;Ростов, Сочи, Новороссийск, Геленджик, &nbsp;Анапа, Азов, Армавир, Майкоп, Белореченск, Ставрополь, Невинномысск, Кропоткин, Пятигорск, Кисловодск, Минеральные Воды, Волгодонск.<br>Ждем всех на этом праздничном событии.<br>Приходите сами, приглашайте своих друзей!</span></p><p><br></p><p><br>&nbsp; </p>', '2019-02-28 00:02:34', '2019-02-28 00:02:34', NULL),
(19, 'программа бизнес-форума', '2018-12-01', 'posts/MIBc4tHbWqHhjDRvM14CURbFBwOJiuvZN4GSIBIs.jpeg', 'для участия в закрытом тренинге выполните:региональный директор за ноябрь и с ноября по 13 декабря закрыть 50 степов', '<p style=\"text-align: center;\"><span style=\"font-family: Arial, Helvetica, sans-serif; font-size: 18px; color: rgb(71, 85, 119);\">Дорогие друзья!&nbsp;</span></p><p><span style=\"color: rgb(71, 85, 119);\"><span style=\"font-size: 18px;\"><span style=\"font-family: Arial,Helvetica,sans-serif;\">Напоминаем Вам о проведении</span></span></span><span style=\"color: rgb(71, 85, 119);\"><span style=\"font-size: 18px;\"><span style=\"font-family: Arial,Helvetica,sans-serif;\">&nbsp;пятого &nbsp;бизнес-форума &laquo;Absolute Energy&rdquo; с 15 по 16 декабря 2018 г. &nbsp;городе Москва. <br>Вас ждет насыщенная программа, большое количество информации, подарки и новинки от компании.<br><strong>План мероприятия:</strong><br><strong>1 день - 15 декабря:</strong><br>10:00 Начало регистрации участников закрытого специального тренинга от основателя компании Вячеслава Терентьева*<br>11:00 - 14:00 Закрытый специальный тренинг от основателя компании Вячеслава Терентьева*<br><strong>*для участия в закрытом тренинге от Вячеслава Терентьева необходимо выполнить следующие условия: выполнить квалификацию - региональный директор за ноябрь и закрыть с ноября по 13 декабря 50 степов</strong><br>14:00-15:00 Перерыв на обед<br>15:00-19:00 Начало тренинга от основателя компании Вячеслава Терентьева и топ-лидеров компании.&nbsp;</span></span></span><span style=\"color: rgb(71, 85, 119);\"><span style=\"font-size: 18px;\"><span style=\"font-family: Arial,Helvetica,sans-serif;\"><strong>Участвовать могут все активные партнеры</strong>!<br>19:00 Начало презентации Новых продуктов компании<br>Далее, ужин с основателями компании Вячеславом Терентьевым и Эльмирой Молдобаевой в ресторане &quot;ТАЛАВЕРА&quot; <strong>для партнеров выполнивших следующие усл</strong><strong>овия: квалификация Федеральный директор в ноябре.</strong><br><strong>2 день - 16 декабря</strong></span></span></span></p><p><span style=\"color: rgb(71, 85, 119);\"><span style=\"font-size: 18px;\"><span style=\"font-family: Arial,Helvetica,sans-serif;\">10:00-12:00 Встреча владельцев шоу-румов<br>12:00-17:00 Лидерский марафон<br>Топ-лидеры копании будут делиться информацией о построении бизнеса в компании IMAGINE PEOPLЕ. Затронут все самые важные темы с чего начать и как это сделать правильно.<br>17:00-20:00 Парад признаний<br>Награждение самых активных партнеров и победителей в акции &quot;Поездка в Дубай&quot; и &quot;Мой автомобиль&quot;, а также объявление новых промоушенов.</span></span></span></p><p style=\"text-align: center;\"><span style=\"color: rgb(71, 85, 119);\"><span style=\"font-size: 18px;\"><span style=\"font-family: Arial,Helvetica,sans-serif;\">Ждем Вас 15 и 16 декабря в конференц-зале отеля &quot;Radisson Славянская&quot;!</span></span></span></p><p><span style=\"color: rgb(71, 85, 119);\"><span style=\"font-size: 18px;\"><span style=\"font-family: Arial,Helvetica,sans-serif;\"><strong>Адрес:&nbsp;</strong>г. Москва, площадь Европы 2<br></span></span></span></p><p><span style=\"color: rgb(71, 85, 119);\"><span style=\"font-size: 18px;\"><span style=\"font-family: Arial,Helvetica,sans-serif;\"><strong>Стоимость билета - 5 000 руб. Билеты можете приобрести в личном кабинете!&nbsp;</strong></span></span></span></p><p><span style=\"color: rgb(71, 85, 119);\"><span style=\"font-size: 18px;\"><span style=\"font-family: Arial,Helvetica,sans-serif;\"><strong>Покупка билета доступна через личный кабинет. Список участников формируется на основе этих оплат. Для тех кто оплатил иными способами, хочет оплатить сразу на форуме или в форуме хотят участвовать не партнеры компании, просьба сообщить о своем участии в отдел маркетинга, для того чтобы ваш билет был забронирован. <br></strong></span></span></span></p><p><span style=\"color: rgb(71, 85, 119);\"><span style=\"font-size: 18px;\"><span style=\"font-family: Arial,Helvetica,sans-serif;\"><strong>Каждый участник бизнес форума получает подарок!<br>Внимание! Количество билетов ограничено!</strong></span></span></span></p><p><span style=\"font-family: Arial, Helvetica, sans-serif; font-size: 18px; color: rgb(71, 85, 119);\"><strong>По вопросам приобретения билетов обращайтесь в отдел маркетинга:</strong><br>+7 747 2555 038, marketing@ip-one.net &nbsp;Жалиева Саида</span></p><p><img src=\"https://localhost/ip/public/storage/images/yB4OEgw4dl38haAGRs0I2CTlidvz0JrFGrnBcoFX.jpeg\" style=\"width: 100%;\" class=\"fr-fic fr-dib\"></p><p><img src=\"https://localhost/ip/public/storage/images/fvtfkPRU8ZGZMQVQFFbzIIwUW6d7R33LH6JjF156.jpeg\" style=\"width: 100%;\" class=\"fr-fic fr-dib\"></p><p><img src=\"https://localhost/ip/public/storage/images/g2PxMEBc1Gw8HtiSyZSGc7bbWQovnEcYyhRXBEAF.jpeg\" style=\"width: 100%;\" class=\"fr-fic fr-dib\"></p><p><img src=\"https://localhost/ip/public/storage/images/7bK6uFp9ODPvBSHnugbgDySOSmeFZPA0gg38Lu97.png\" style=\"width: 100%;\" class=\"fr-fic fr-dib\"></p><p><br></p>', '2019-02-28 00:02:34', '2019-02-28 00:02:34', NULL),
(20, 'снегопад цен В ДЕКАБРЕ', '2018-12-01', 'posts/zePBsYIqwMIOJezpTw5lRkTLPcYMHf0JLLGTr2zU.jpeg', 'НАБОРЫ СО СКИДКОЙ 30%', '<p style=\"text-align: center;\"><span style=\"font-family: Arial, Helvetica, sans-serif; font-size: 14px; color: rgb(71, 85, 119);\">Уважаемые партнёры!</span></p><p><span style=\"color: rgb(71, 85, 119);\"><span style=\"font-size: 14px;\"><span style=\"font-family: Arial,Helvetica,sans-serif;\">&nbsp;В преддверии Нового года мы объявляем праздничную акцию &quot;Снегопад цен&quot; и предлагаем вам купить подарочные наборы со скидкой 30%!!!</span></span></span></p><ul><li style=\"text-align: center;\"><br><ul><li style=\"text-align: left;\"><span style=\"color: rgb(71, 85, 119);\"><strong><u>1. Акция &quot;Снегопад цен&quot;. Подарочные наборы со скидкой 30%</u></strong><br><strong>Новогодний набор №1:</strong> &nbsp;</span></li><li style=\"text-align: left;\"><span style=\"color: rgb(71, 85, 119);\">&nbsp;Water for life - 2 шт</span></li><li style=\"text-align: left;\"><span style=\"color: rgb(71, 85, 119);\">&nbsp;БТК G-Bio - 1 шт</span></li><li style=\"text-align: left;\"><span style=\"color: rgb(71, 85, 119);\">Absolute Energy - 1 шт&nbsp;</span></li><li style=\"text-align: left;\"><span style=\"color: rgb(71, 85, 119);\">Цена набора - 147 у.е. Количество баллов - 50<br></span></li><li style=\"text-align: left;\"><span style=\"color: rgb(71, 85, 119);\"><br></span></li><li style=\"text-align: left;\"><span style=\"color: rgb(71, 85, 119);\"><strong>Новогодний набор №2:</strong></span></li><li style=\"text-align: left;\"><span style=\"color: rgb(71, 85, 119);\">Water for life - 2 шт</span></li><li style=\"text-align: left;\"><span style=\"color: rgb(71, 85, 119);\">БТК G-Bio - 1 шт</span></li><li style=\"text-align: left;\"><span style=\"color: rgb(71, 85, 119);\">Clear space- 1 шт</span></li><li style=\"text-align: left;\"><span style=\"color: rgb(71, 85, 119);\">Цена набора - 147 у.е. Количество баллов - 50</span></li><li style=\"text-align: left;\"><span style=\"color: rgb(71, 85, 119);\"><br><strong>Новогодний набор №3:</strong></span></li><li style=\"text-align: left;\"><span style=\"color: rgb(71, 85, 119);\">Water for life - 2 шт</span></li><li style=\"text-align: left;\"><span style=\"color: rgb(71, 85, 119);\">БТК G-Bio - 1 шт</span></li><li style=\"text-align: left;\"><span style=\"color: rgb(71, 85, 119);\">ДГК ALFA- 1 шт</span></li><li style=\"text-align: left;\"><span style=\"color: rgb(71, 85, 119);\">Цена набора - 147 у.е. Количество баллов - 50</span></li><li style=\"text-align: left;\"><span style=\"color: rgb(71, 85, 119);\"><br><strong>Новогодний набор №4:</strong></span></li><li style=\"text-align: left;\"><span style=\"color: rgb(71, 85, 119);\">Water for life - 2 шт</span></li><li style=\"text-align: left;\"><span style=\"color: rgb(71, 85, 119);\">БТК G-Bio - 1 шт</span></li><li style=\"text-align: left;\"><span style=\"color: rgb(71, 85, 119);\">Absolute Energy - 1 шт</span></li><li style=\"text-align: left;\"><span style=\"color: rgb(71, 85, 119);\">Clear space- 1 шт</span></li><li style=\"text-align: left;\"><span style=\"color: rgb(71, 85, 119);\">ДГК ALFA- 1 шт</span></li><li style=\"text-align: left;\"><span style=\"color: rgb(71, 85, 119);\">Бутылка с логотипом - 1 шт</span></li><li style=\"text-align: left;\"><span style=\"color: rgb(71, 85, 119);\">Цена набора - 270 у.е. Количество баллов - 100</span><ul><li><span style=\"color: rgb(71, 85, 119);\"><span style=\"font-size: 18px;\"><span style=\"font-family: Arial,Helvetica,sans-serif;\"><br></span></span></span></li><li><span style=\"color: rgb(71, 85, 119);\"><span style=\"font-size: 18px;\"><span style=\"font-family: Arial,Helvetica,sans-serif;\"><strong>Спешите! Период действия акции с 01 по 31 декабря включительно!</strong></span></span></span></li></ul></li></ul></li><li><span style=\"color: rgb(71, 85, 119);\"><br><strong><u>2. Акция &quot;Пятигранная пирамида в подарок&quot;</u></strong></span></li></ul><div><span style=\"color: rgb(71, 85, 119);\">При единовременном заказе любой продукции на 150 баллов в подарок получаете пятигранную пирамиду Clear Space в подарок! &nbsp; &nbsp;</span></div><div><span style=\"color: rgb(71, 85, 119);\">Количество заказов не ограниченно!</span></div><div><span style=\"color: rgb(71, 85, 119);\">Выдача подарков по итогам акции начнется в конце января 2019 года. &nbsp;&nbsp;</span></div><div><span style=\"color: rgb(71, 85, 119);\"><strong>Внимание! Заказ на 150 баллов должен быть единовременным!</strong></span></div><p><span style=\"color: rgb(71, 85, 119);\"><strong>Период действия акции с 01 по 31 декабря включительно!<br></strong></span></p><ul><li><span style=\"color: rgb(71, 85, 119);\"><span style=\"font-size: 14px;\"><span style=\"font-family: Arial,Helvetica,sans-serif;\"><em>Пусть новый год будет полон радостных ожиданий и сбывшихся надежд, позитивных событий и весёлых приключений, новых знакомств и достижений!&nbsp;</em></span></span></span></li></ul><p><em><span style=\"font-family: Arial, Helvetica, sans-serif; font-size: 14px; color: rgb(71, 85, 119);\">С уважением, Администрация &quot;IMAGINE PEOPLE&quot;</span></em><strong><br></strong></p>', '2019-02-28 00:02:34', '2019-02-28 00:02:34', NULL),
(21, 'центр обучения для партнеров и новичков в г.Москва', '2018-11-23', 'posts/U7bzfgfmRtCpXcfz8oWgkzqraxHeeQ6tLDjYvm8I.jpeg', 'школа \"VICTORY ВМЕСТЕ\" в г.Москва ждет вас каждую среду в 17:00', '<p style=\"text-align: center;\"><span style=\"color: rgb(71, 85, 119); font-family: Arial, Helvetica, sans-serif;\"><br>УВАЖАЕМЫЕ ПАРТНЕРЫ!</span></p><p><span style=\"font-family: Arial,Helvetica,sans-serif;\"><span style=\"color: rgb(71, 85, 119);\">Рады Вам сообщить, что партнерами компании &quot;IMAGINE PEOPLE&quot; был открыт центр обучения для партнеров и новичков в г.Москва. 14 ноября прошла вторая встреча в &nbsp;школе &quot;VICTORY ВМЕСТЕ&quot;. Первая презентация собрала команду единомышленнков в теплом зале, где о продукте рассказывали &nbsp;- Уражевская Елена (Региональный директор), Тамара Лебединская (Директор) и &nbsp;Ирина Нуждина-Щербакова (Региональный директор и член Консультативного совета). Все новички и партнеры получили много полезной информации о продуктах и компании, зарегистрировались для создания личного кабинета, так же было приобретено несколько билетов на бизнес-форум в г.Москва. который пройдет 15-16 декабря. Прекрасный результат! Школа ждет вас каждую среду к 17-00 (без опазданий) по адресу: г.Москва, библиотека №2, уг.ул. 4-ой Тверкой-Ямской и Чаянова</span></span></p><p><img src=\"https://localhost/ip/public/storage/images/GHuSh3KbDbiFwieWmLVMi4YT1xk4LIwxPMgJs32R.jpeg\" style=\"width: 100%;\" class=\"fr-fic fr-dib\"></p><p><img src=\"https://localhost/ip/public/storage/images/flV3FuXuPBabRDWkRbNQP6ArhLPIZIv6NxZSfmAp.jpeg\" style=\"width: 100%;\" class=\"fr-fic fr-dib\"></p><p>Отзыв о презентации от Евгения Облезова, заслуженного фото-художника России, менеджера нашей компании</p><p><span class=\"fr-video fr-fvc fr-dvi fr-draggable\" contenteditable=\"false\"><iframe src=\"https://www.youtube.com/embed/HD_G5NVsG2I\" allowfullscreen=\"\" class=\"fr-draggable\" width=\"100%\" height=\"600\" frameborder=\"0\"></iframe></span><br>&nbsp; &nbsp;<img src=\"https://localhost/ip/public/storage/images/GKb2hIWoZAzoVlu40q1MaDXZMYpNI6ygwJL52XDi.png\" style=\"width: 100%;\" class=\"fr-fic fr-dib\"></p><p><span style=\"font-family: Arial,Helvetica,sans-serif;\"><span style=\"color: rgb(71, 85, 119);\">С Уважением,&nbsp;</span></span></p><p><span style=\"color: rgb(71, 85, 119); font-family: Arial, Helvetica, sans-serif;\">Администрация &quot;IMAGINE PEOPLE&quot;</span></p>', '2019-02-28 00:02:34', '2019-02-28 00:02:34', NULL);

-- --------------------------------------------------------

--
-- Структура таблицы `password_resets`
--

CREATE TABLE `password_resets` (
  `email` varchar(191) COLLATE utf8mb4_unicode_ci NOT NULL,
  `token` varchar(191) COLLATE utf8mb4_unicode_ci NOT NULL,
  `created_at` timestamp NULL DEFAULT NULL
) ENGINE=InnoDB DEFAULT CHARSET=utf8mb4 COLLATE=utf8mb4_unicode_ci;

-- --------------------------------------------------------

--
-- Структура таблицы `permissions`
--

CREATE TABLE `permissions` (
  `id` int(10) UNSIGNED NOT NULL,
  `key` varchar(191) COLLATE utf8mb4_unicode_ci NOT NULL,
  `table_name` varchar(191) COLLATE utf8mb4_unicode_ci DEFAULT NULL,
  `created_at` timestamp NULL DEFAULT NULL,
  `updated_at` timestamp NULL DEFAULT NULL
) ENGINE=InnoDB DEFAULT CHARSET=utf8mb4 COLLATE=utf8mb4_unicode_ci;

--
-- Дамп данных таблицы `permissions`
--

INSERT INTO `permissions` (`id`, `key`, `table_name`, `created_at`, `updated_at`) VALUES
(1, 'browse_admin', NULL, '2019-02-12 22:59:27', '2019-02-12 22:59:27'),
(2, 'browse_bread', NULL, '2019-02-12 22:59:27', '2019-02-12 22:59:27'),
(3, 'browse_database', NULL, '2019-02-12 22:59:27', '2019-02-12 22:59:27'),
(4, 'browse_media', NULL, '2019-02-12 22:59:27', '2019-02-12 22:59:27'),
(5, 'browse_compass', NULL, '2019-02-12 22:59:27', '2019-02-12 22:59:27'),
(6, 'browse_menus', 'menus', '2019-02-12 22:59:27', '2019-02-12 22:59:27'),
(7, 'read_menus', 'menus', '2019-02-12 22:59:27', '2019-02-12 22:59:27'),
(8, 'edit_menus', 'menus', '2019-02-12 22:59:27', '2019-02-12 22:59:27'),
(9, 'add_menus', 'menus', '2019-02-12 22:59:27', '2019-02-12 22:59:27'),
(10, 'delete_menus', 'menus', '2019-02-12 22:59:27', '2019-02-12 22:59:27'),
(11, 'browse_roles', 'roles', '2019-02-12 22:59:27', '2019-02-12 22:59:27'),
(12, 'read_roles', 'roles', '2019-02-12 22:59:27', '2019-02-12 22:59:27'),
(13, 'edit_roles', 'roles', '2019-02-12 22:59:27', '2019-02-12 22:59:27'),
(14, 'add_roles', 'roles', '2019-02-12 22:59:27', '2019-02-12 22:59:27'),
(15, 'delete_roles', 'roles', '2019-02-12 22:59:27', '2019-02-12 22:59:27'),
(16, 'browse_users', 'users', '2019-02-12 22:59:27', '2019-02-12 22:59:27'),
(17, 'read_users', 'users', '2019-02-12 22:59:27', '2019-02-12 22:59:27'),
(18, 'edit_users', 'users', '2019-02-12 22:59:27', '2019-02-12 22:59:27'),
(19, 'add_users', 'users', '2019-02-12 22:59:27', '2019-02-12 22:59:27'),
(20, 'delete_users', 'users', '2019-02-12 22:59:27', '2019-02-12 22:59:27'),
(21, 'browse_settings', 'settings', '2019-02-12 22:59:27', '2019-02-12 22:59:27'),
(22, 'read_settings', 'settings', '2019-02-12 22:59:27', '2019-02-12 22:59:27'),
(23, 'edit_settings', 'settings', '2019-02-12 22:59:27', '2019-02-12 22:59:27'),
(24, 'add_settings', 'settings', '2019-02-12 22:59:27', '2019-02-12 22:59:27'),
(25, 'delete_settings', 'settings', '2019-02-12 22:59:27', '2019-02-12 22:59:27'),
(26, 'browse_hooks', NULL, '2019-02-12 22:59:27', '2019-02-12 22:59:27'),
(47, 'browse_sliders', 'sliders', '2019-02-13 00:41:21', '2019-02-13 00:41:21'),
(48, 'read_sliders', 'sliders', '2019-02-13 00:41:21', '2019-02-13 00:41:21'),
(49, 'edit_sliders', 'sliders', '2019-02-13 00:41:21', '2019-02-13 00:41:21'),
(50, 'add_sliders', 'sliders', '2019-02-13 00:41:21', '2019-02-13 00:41:21'),
(51, 'delete_sliders', 'sliders', '2019-02-13 00:41:21', '2019-02-13 00:41:21'),
(52, 'browse_products', 'products', '2019-02-15 04:23:56', '2019-02-15 04:23:56'),
(53, 'read_products', 'products', '2019-02-15 04:23:56', '2019-02-15 04:23:56'),
(54, 'edit_products', 'products', '2019-02-15 04:23:56', '2019-02-15 04:23:56'),
(55, 'add_products', 'products', '2019-02-15 04:23:56', '2019-02-15 04:23:56'),
(56, 'delete_products', 'products', '2019-02-15 04:23:56', '2019-02-15 04:23:56'),
(57, 'browse_news', 'news', '2019-02-15 04:47:06', '2019-02-15 04:47:06'),
(58, 'read_news', 'news', '2019-02-15 04:47:06', '2019-02-15 04:47:06'),
(59, 'edit_news', 'news', '2019-02-15 04:47:06', '2019-02-15 04:47:06'),
(60, 'add_news', 'news', '2019-02-15 04:47:06', '2019-02-15 04:47:06'),
(61, 'delete_news', 'news', '2019-02-15 04:47:06', '2019-02-15 04:47:06'),
(62, 'browse_contents', 'contents', '2019-02-15 04:57:14', '2019-02-15 04:57:14'),
(63, 'read_contents', 'contents', '2019-02-15 04:57:14', '2019-02-15 04:57:14'),
(64, 'edit_contents', 'contents', '2019-02-15 04:57:14', '2019-02-15 04:57:14'),
(65, 'add_contents', 'contents', '2019-02-15 04:57:14', '2019-02-15 04:57:14'),
(66, 'delete_contents', 'contents', '2019-02-15 04:57:14', '2019-02-15 04:57:14'),
(67, 'browse_stocks', 'stocks', '2019-02-28 02:32:04', '2019-02-28 02:32:04'),
(68, 'read_stocks', 'stocks', '2019-02-28 02:32:04', '2019-02-28 02:32:04'),
(69, 'edit_stocks', 'stocks', '2019-02-28 02:32:04', '2019-02-28 02:32:04'),
(70, 'add_stocks', 'stocks', '2019-02-28 02:32:04', '2019-02-28 02:32:04'),
(71, 'delete_stocks', 'stocks', '2019-02-28 02:32:04', '2019-02-28 02:32:04');

-- --------------------------------------------------------

--
-- Структура таблицы `permission_role`
--

CREATE TABLE `permission_role` (
  `permission_id` int(10) UNSIGNED NOT NULL,
  `role_id` int(10) UNSIGNED NOT NULL
) ENGINE=InnoDB DEFAULT CHARSET=utf8mb4 COLLATE=utf8mb4_unicode_ci;

--
-- Дамп данных таблицы `permission_role`
--

INSERT INTO `permission_role` (`permission_id`, `role_id`) VALUES
(1, 1),
(2, 1),
(3, 1),
(4, 1),
(5, 1),
(6, 1),
(7, 1),
(8, 1),
(9, 1),
(10, 1),
(11, 1),
(12, 1),
(13, 1),
(14, 1),
(15, 1),
(16, 1),
(17, 1),
(18, 1),
(19, 1),
(20, 1),
(21, 1),
(22, 1),
(23, 1),
(24, 1),
(25, 1),
(26, 1),
(47, 1),
(48, 1),
(49, 1),
(50, 1),
(51, 1),
(52, 1),
(53, 1),
(54, 1),
(55, 1),
(56, 1),
(57, 1),
(58, 1),
(59, 1),
(60, 1),
(61, 1),
(62, 1),
(63, 1),
(64, 1),
(65, 1),
(66, 1),
(67, 1),
(68, 1),
(69, 1),
(70, 1),
(71, 1);

-- --------------------------------------------------------

--
-- Структура таблицы `products`
--

CREATE TABLE `products` (
  `id` int(10) UNSIGNED NOT NULL,
  `name` varchar(100) COLLATE utf8mb4_unicode_ci DEFAULT NULL,
  `img` varchar(100) COLLATE utf8mb4_unicode_ci DEFAULT NULL,
  `mini_description` text COLLATE utf8mb4_unicode_ci,
  `description` longtext COLLATE utf8mb4_unicode_ci,
  `price` int(11) DEFAULT NULL,
  `points` int(11) DEFAULT NULL,
  `created_at` timestamp NULL DEFAULT NULL,
  `updated_at` timestamp NULL DEFAULT NULL,
  `deleted_at` timestamp NULL DEFAULT NULL,
  `is_present` int(11) DEFAULT '0'
) ENGINE=InnoDB DEFAULT CHARSET=utf8mb4 COLLATE=utf8mb4_unicode_ci;

--
-- Дамп данных таблицы `products`
--

INSERT INTO `products` (`id`, `name`, `img`, `mini_description`, `description`, `price`, `points`, `created_at`, `updated_at`, `deleted_at`, `is_present`) VALUES
(4, 'ABSOLUTE ENERGY', 'products\\March2019\\YAtXXZmXuiEOIlz4RXKz.jpeg', NULL, '<div class=\"col-md-12\" style=\"margin-top: 20px;\">\r\n<div class=\"col-xs-12\">\r\n<ul class=\"nav nav-tabs tab-list\">\r\n<li class=\"active\"><a class=\"active show\" href=\"#detail\" data-toggle=\"tab\">Подробное описание</a></li>\r\n<li><a href=\"#theory\" data-toggle=\"tab\">Теория и экспериментальная база</a></li>\r\n<li><a href=\"#sostav\" data-toggle=\"tab\">Состав</a></li>\r\n<li><a href=\"#use\" data-toggle=\"tab\">Применение</a></li>\r\n</ul>\r\n<div class=\"tab-content\">\r\n<div id=\"detail\" class=\"tab-pane active\"><a class=\"fancybox img-container float-right\" href=\"app/pages/static/img/absolute2.jpg\"><img class=\"img-responsive fr-fic fr-dii\" src=\"app/pages/static/img/absolute2.jpg\" alt=\"\" /></a>\r\n<p>Регулярный прием &laquo;Absolute Еnergy&raquo; даст возможность:<br />поднять биоэнергетику организма;<br />повысить жизнеспособность и стрессоустойчивость;<br />нормализовать уровень иммунитета;<br />улучшить антитоксическую функцию печени и почек;<br />избавиться от токсинов, шлаков, метаболитов, паразитов;<br />активизировать кроветворение;<br />улучшить кровообращение;<br />улучшить проницаемость клеточных мембран.<br /><br />&nbsp;</p>\r\n<a class=\"fancybox img-container float-left\" href=\"app/pages/static/img/absolute3.jpg\"><img class=\"img-responsive fr-fic fr-dii\" src=\"app/pages/static/img/absolute3.jpg\" alt=\"\" /></a>\r\n<p>&laquo;Absolute Еnergy&raquo; продлевает активное долголетие за счет повышения эластичности тканевых структур. Он восстанавливает необходимую регенерацию, запускает обновление кластеров гидроплазмы в структурах центральной и периферической нервной системы, а также мышечного аппарата.<br />В результате &ndash; на 20-25% повышается работоспособность головного мозга, а также &nbsp;возрастают силовые показатели при физических нагрузках.<br />Данный комплекс активно поглощает инфракрасное излучение как эндогенной, так и экзогенной природы, так как он насыщен хромофорными группами, которые имеют место в хлорофилле и гемоглобине.<br />&laquo;Absolute Еnergy&raquo; обладает радиопротекторным и антиканцерогенным действием. Это существенно снижает вероятность возникновения онкологических заболеваний.<br />Регулярное протирание (смачивание) раствором &laquo;Absolute Еnergy&raquo; поверхности кожи лица, рук и других частей тела снижает вероятность отеков, устраняет радиоактивные изотопы, ликвидирует зуд и раздражение, а также убирает косметические дефекты в виде пигментных пятен, бородавок, грибкового поражения, последствий ожогов и т.д.<br />&laquo;Absolute Еnergy&raquo; &ndash; уникальное противовоспалительное и обезболивающее средство, которое можно применять во внутрь и снаружи в проекции боли,&nbsp;для профилактики и лечения воспалительных процессов и болевых симптомов любой локализации.<br />Первые варианты гидрофлавита были получены на основе трехмерной гидроплазмы, которая состоит из трех плоскостей с различной ориентацией спинов с левыми и правыми магнитными моментами. Были проведены многочисленные исследования с целью создания многовекторной структуры с флавитом.<br />Так возник абсолютно новый тип гидроплазмы с очень высоким запасом свободной энергии и по своей эффективности оздоровления на мировом рынке не имеет себе равных.<br />Благодаря передовой технологии было достигнуто максимальное число векторов &ndash; &nbsp; 25 направлений!</p>\r\n</div>\r\n<div id=\"theory\" class=\"tab-pane\"><a class=\"fancybox img-container float-right\" href=\"app/pages/static/img/absolute7.jpg\"><img class=\"img-responsive fr-fic fr-dii\" src=\"app/pages/static/img/absolute7.jpg\" alt=\"\" /></a>\r\n<ul class=\"theory-list\">\r\n<li>1 Новый продукт &laquo;Absolute Еnergy&raquo; создан на основе теории существования анти-энтропийных структур в воде с высокими биологическими и полезными свойствами.</li>\r\n<li>2 Доказано существование энтропийной формы Н<sub>2</sub>О (беспорядочной, патогенной) и плазменной формы Н<sub>2</sub>О (структурированной, со свободными элементарными частицами), которая представлена антиэнтропийными кластерами с большим количеством векторов (поливекторность). Такая структура обладает антиэнтропийным потенциалом (создающим порядок), который снижает объем вредной и бесполезной воды в организме.</li>\r\n<li>3 Антиэнтропийный кластер гидроплазмы является &laquo;строителем&raquo; необходимых водных структур на клеточных мембранах. При дефектах водных структур поливекторная гидроплазма эффективно включается в пространство, где имеются такие нарушения, обеспечивает качественное восстановление целостности структур клеточных мембран и приводит в норму ее жизнеобеспечивающую проницаемость.</li>\r\n<li>4 Многочисленные эксперименты доказывают, что многовекторные кластеры гидроплазмы намного эффективнее. Они гораздо быстрее и более качественно ликвидируют дефекты по сравнению с трех - или пятивекторными кластерами. Поэтому, одновременное использование &laquo;Absolute Еnergy&raquo; с биогенной водой &laquo;Water for life&raquo; (&laquo;WFL&raquo;), которая является 5-векторной, увеличивает векторность до 24 направлений.</li>\r\n<li>5Эксперименты также показали, что хлорофиллоподобные хромофорные комплексы обеспечивают дополнительной свободной энергией кластеры гидроплазмы за счет поглощения ближнего инфракрасного света около 900-1000 нм.</li>\r\n<li>6Подпитка необходимыми инфракрасными квантами создает фундамент для устойчивой и качественной работы 25-векторной гидроплазмы &laquo;Absolute Еnergy&raquo;. Более того, в ее состав входят флавины, которые являются очень эффективными переносчиками необходимых электронов. Возникает эффект физиологического накопления дополнительной биоэнергии, и ее миграция на большие расстояния в пространстве водных структур всего живого организма.&nbsp;</li>\r\n</ul>\r\n</div>\r\n<div id=\"use\" class=\"tab-pane\"><a class=\"fancybox img-container float-right\" href=\"app/pages/static/img/absolute4.jpg\"><img class=\"img-responsive fr-fic fr-dii\" src=\"app/pages/static/img/absolute4.jpg\" alt=\"\" /></a>\r\n<p><strong>АГРЕССИВНОЕ ВОЗДЕЙСТВИЕ ВНЕШНЕЙ СРЕДЫ</strong><br />Современная внешняя среда и наш организм насыщены агрессивными свободными радикалами, которые активно разрушают клеточные мембраны и внутриклеточные структуры. Они нарушают физиологические процессы в клетках, ускоряют процесс старения всего организма и провоцируют многочисленные заболевания.<br />&laquo;Absolute Еnergy&raquo; полностью нейтрализует окислительную активность радикалов и их агрессивное воздействие. Именно оксидные агрессивные радикалы являются причиной возникновения нарушения обмена веществ внутри каждой клетки. Разрушение структур клетки радикалами приводит к потере регуляции внутриклеточных процессов и особенно их размножения. В этом случае организм, как целостная система, лишается рычагов регуляции интенсивности размножения собственных клеток. В результате возникает ситуация, когда поврежденные клетки образуют неуправляемые быстро развивающиеся очаги размножения &ndash; &nbsp;доброкачественные и злокачественные опухоли.<br />Регулярный прием по 3-10 капель &laquo;Absolute Еnergy&raquo; на 50 мл биогенной воды &laquo;WFL&raquo; перед едой 2 раза в день, уменьшит риск возникновения опухолей в 2-3 раза!<br />Более того, если появились первые признаки опухолевого процесса, то интенсивное применение &laquo;Absolute Еnergy&raquo; способно остановить злокачественный рост.&nbsp;В этом случае - до 25 капель на 50 мл биогенной воды &laquo;WFL&raquo; 2 раза в день перед едой.<br />&nbsp;</p>\r\n<a class=\"fancybox img-container float-left\" href=\"app/pages/static/img/absolute5.jpg\"><img class=\"img-responsive fr-fic fr-dii\" src=\"app/pages/static/img/absolute5.jpg\" alt=\"\" /></a>\r\n<p><strong>РАДИАЦИОННАЯ НАГРУЗКА</strong><br />Современный человек подвергается большой радиационной нагрузке альфа-, бета-, гамма-излучений и т.п. В своей повседневной жизни человек очень часто и незаметно попадает в зону агрессивного воздействия ионизирующей радиации.<br />Например, поднимаясь в горы на 3-4 тысячи метров и более, мы подвергаем свой организм радиационной дозе в 2-10 раз больше, чем на уровне моря.<br />Самолеты летают на высоте 10 тыс. метров над уровнем моря. Радиационный фон в этом случае увеличивается в 5-10 раз. Летчики и пассажиры во время полета испытывают вредоносное действие бета- и гамма- излучений.<br />Ядерные испытания, урановые рудники, предприятия для переработки урана, аварии на атомных электростанциях &ndash; все это насыщает радиационный фон нашей среды.<br />&laquo;Absolute Еnergy&raquo; предназначен для нейтрализации таких неблагоприятных воздействий и является эффективным средством для профилактики новообразований.<br />&nbsp;</p>\r\n<a class=\"fancybox img-container float-right\" href=\"app/pages/static/img/absolute6.jpg\"><img class=\"img-responsive fr-fic fr-dii\" src=\"app/pages/static/img/absolute6.jpg\" alt=\"\" /></a>\r\n<p><strong>АУТОИМУННЫЕ ЗАБОЛЕВАНИЯ</strong><br />Бич современности &ndash; аутоиммунные заболевания и дегенеративные процессы:<br />ревматоидные артриты, аллергические воспаления носоглотки, бронхиальная астма, цирроз печени, рассеянный склероз, склероз сосудов и других органов; многочисленные кожные заболевания: псориаз, нейродермит, волчанка и т.д.; болезнь Альцгеймера и Паркинсона, энцефалопатия, эпилепсия, аномалии развития мозга у детей (аутизм, гидроцефалия и др.); сахарный диабет I и II типа; заболеваниях половых органов и пр.<br />Экспериментальный опыт показывает, что &laquo;Absolute Еnergy&raquo; снижает аутоиммунную патологическую реактивность, уменьшает дегенерацию, значительно улучшает общее самочувствие и восстанавливает физиологические процессы.<br />Минимальный прием во внутрь &ndash; 3 капли &laquo;Absolute Еnergy&raquo; на 30-40 мл биогенной воды &laquo;WFL&raquo;, вечером перед едой, в течение 30-50 дней. После следует сделать перерыв в 30-40 дней, затем повторить курс.<br /><br />&nbsp;</p>\r\n<a class=\"fancybox img-container float-left\" href=\"app/pages/static/img/absolute8.jpg\"><img class=\"img-responsive fr-fic fr-dii\" src=\"app/pages/static/img/absolute8.jpg\" alt=\"\" /></a>\r\n<p><strong>ЖЕЛЧЕКАМЕННАЯ БОЛЕЗНЬ</strong><br />Прием 5-10 капель &laquo;Absolute Еnergy&raquo;, на 30 мл биогенной воды &laquo;Water for life&raquo;, 2 раза в день, в течение 4-6 месяцев, приводит к растворению камней в почках и желчном пузыре, а также - профилактирует камнеобразование. Восстанавливается работа печени &ndash; в 1,5-2 раза, возрастает ее антитоксическая функция. Это способствует активному очищению тела от вредных и ненужных шлаков, токсинов, метаболитов и т.д.<br />&nbsp;<br /><br /><a class=\"fancybox img-container float-right\" href=\"app/pages/static/img/absolute10.jpg\"><img class=\"img-responsive fr-fic fr-dii\" src=\"app/pages/static/img/absolute10.jpg\" alt=\"\" /></a></p>\r\n<p><strong>АТЕРОСКЛЕРОЗ</strong><br />Регулярный прием внутрь &laquo;Absolute Еnergy&raquo; ликвидирует причину формирования атеросклеротических бляшек и запускает механизм 100% профилактики склероза. В результате этого, восстанавливается физиологическая эластичность сосудов, нормализуется артериальное давление и холестерин, улучшается питание сердечной мышцы.<br />Можно применять &laquo;Absolute Еnergy&raquo; наружно, через рефлексогенные зоны (подошвы ног, ладони, пальцы).<br />&nbsp;<br /><a class=\"fancybox img-container float-left\" href=\"app/pages/static/img/absolute9.jpg\"><img class=\"img-responsive fr-fic fr-dii\" src=\"app/pages/static/img/absolute9.jpg\" alt=\"\" /></a> <strong>ВОЗДЕЙСТВИЕ НА ЧАКРЫ</strong><br />&laquo;Absolute Еnergy&raquo; может использоваться для воздействия на чакры. Его наносят на область чакры (например: сердечной) с помощью ватной палочки для ушей. &nbsp;Для этого нужно палочку опустить в &laquo;Absolute Еnergy&raquo; на 1-2 секунды для пропитки, после этого тщательно протереть область сердечной чакры (анахаты). В результате образуется сине-зеленое пятно диаметром 5-7 мм. &nbsp;Далее на эту область направить свет светильника с лампой накаливания для повышения биоэнергетики. Расстояние до поверхности кожи 10-15 см. Длительность экспозиции 15-20 минут. Лучше всего процедуру делать за 1-1,5 часа до сна. Посторонний свет в комнате лучше выключать. Длительность курса 15-20 дней. Перерыв 30-40 дней. В год повторять<br />до 3-5 курсов.<br />&nbsp;<br /><a class=\"fancybox img-container float-right\" href=\"app/pages/static/img/absolute11.jpg\"><img class=\"img-responsive fr-fic fr-dii\" src=\"app/pages/static/img/absolute11.jpg\" alt=\"\" /></a></p>\r\n<p><strong>МАТЬ и ДИТЯ</strong><br />Уникальные свойства &laquo;Absolute Еnergy&raquo; рекомендуется использовать для здоровья матери и ребенка.&nbsp;В период беременности следует принимать<br />по 1-2 капли &laquo;Absolute Еnergy&raquo; на 50 мл биогенной воды &laquo;WFL&raquo;&nbsp;утром и вечером до еды.<br />Результат: снижение токсикоза при беременности, хорошее самочувствие, правильное развитие плода и формирование крепкого здоровья ребенка.<br />Прием в детском возрасте по 3-5 капель &laquo;Absolute Еnergy&raquo; на 30 мл биогенной воды &laquo;WFL&raquo; перед приемом пищи утром и вечером позволит нормализовать здоровье ребенка и профилактировать многочисленные болезни, укрепит нервную систему, повысит успехи в физических и умственных дисциплинах, улучшит стрессоустойчивость и будет способствовать успешной адаптации&nbsp;в социуме.<br />Опыт показывает, что даже тяжелые морфофункциональные отклонения головного мозга ребенка (аутизм, гидроцефалия, кисты и др.) постепенно поддаются нормализации при специальном режиме приема &laquo;Absolute Еnergy&raquo; на биогенной воде &laquo;WFL&raquo;.<br />Рекомендуется начать интенсивный прием 3 раза в день, по 30 мл биогенной воды &laquo;WFL&raquo;, &nbsp;с 10 каплями &laquo;Absolute Еnergy&raquo;. Непрерывный курс составляет 40-50 дней. Перерыв в 20-30 дней. Периодичность &ndash; 3 курса в год. Также рекомендуется обрабатывать верхнюю чакру на голове (сахасрара), диаметр до 5 см, воздействовать простой лампой накаливания.<br />Результат: через 20-30 дней снижение агрессивности поведения, повышение адекватности, улучшение сосредоточенности, формирование желания заниматься трудовой деятельностью, нормализация сна и другие положительные эффекты.<br />&nbsp;<br /><a class=\"fancybox img-container float-left\" href=\"app/pages/static/img/absolute12.jpg\"><img class=\"img-responsive fr-fic fr-dii\" src=\"app/pages/static/img/absolute12.jpg\" alt=\"\" /></a></p>\r\n<p><strong>ЖЕНСКИЕ И МУЖСКИЕ ЗАБОЛЕВАНИЯ</strong><br />&laquo;Absolute Еnergy&raquo; можно успешно применять для борьбы с женскими и мужскими заболеваниями: миомами, кистами, эндометриозом, простатитом, аденомой и т.д. Для этого рекомендуется использовать схему, описанную выше.<br />&nbsp;<br /><strong>ГЛАЗА. НОС</strong><br />Закапывание в глаза и нос &laquo;Absolute Еnergy&raquo; по 2-3 капли с биогенной водой &laquo;WFL&raquo; &nbsp;4-6 раз в день улучшит зрение, очистит пазухи носа, а также оптимизирует работу головного мозга и нейроэндокринной системы. В целях эффективной профилактики заболеваний соответствующих органов, достаточно это делать 2-3 раза в день.<br />&nbsp;<br />Для мягкого и максимального эффекта оздоровления лучше всего начать использовать 19-векторную гидроплазму &laquo;Absolute Еnergy&raquo; после месячного или двухмесячного приема биогенной воды &laquo;WFL&raquo;.<br />Такая последовательность в приеме профилактирует незначительные обострения заболеваний и дискомфорта в самочувствии, которые могут быть следствием активного процесса очищения и избавления от многочисленных болезней.</p>\r\n</div>\r\n<div id=\"sostav\" class=\"tab-pane\">\r\n<p>Основа - Гидроплазма &nbsp; (пятое состояние вещества, имеющееся в воде с многомерными &nbsp; &nbsp; &nbsp; &nbsp; &nbsp; &nbsp; &nbsp; &nbsp; &nbsp; &nbsp; &nbsp;изомерами кластеров)</p>\r\n<p>Ионы флавоноидной группы в малой концентрации, выдержанные особым методом в воде с высокой активностью, предварительно обработанной лазером.</p>\r\n<p>&nbsp;Многомерный устойчивый термосенсибилизатор из минералов малахитового ряда &nbsp;в высокой концентрации, обработанный электромагнитным полем.</p>\r\n<p>Может иметь темно-синий (зеленый) цвет с осадком. &nbsp;Вяжущий вкус.</p>\r\n</div>\r\n</div>\r\n</div>\r\n</div>', 104, 40, '2019-03-01 05:29:09', '2019-03-01 05:29:09', NULL, 0);
INSERT INTO `products` (`id`, `name`, `img`, `mini_description`, `description`, `price`, `points`, `created_at`, `updated_at`, `deleted_at`, `is_present`) VALUES
(7, 'WATER FOR LIFE', 'products\\March2019\\9PM65h1TgUOk1Str1Eg2.jpeg', NULL, '<div class=\"col-md-12\" style=\"margin-top: 20px;\">\r\n<div class=\"col-xs-12\">\r\n<p>Загрязненная&nbsp;вода&nbsp;химией, плохой экологией, продуктами ядерного распада после взрывов атомных бомб и аварий на атомных электростанциях, электромагнитный шум в эфире сотовых телефонов, радио- и телепередатчиков - все это приводит к уничтожению биологически-активной характеристики воды. Все это приводит&nbsp;к созданию феномена &laquo;патогенной&raquo; (действующей губительно на все живое) воды &mdash; Мертвой воды, которая&nbsp;губит здоровье миллионов людей, способствует возникновению очень опасных, раннее неизвестных заболеваний (вирус&nbsp;бешенства, СПИД, рак, аллергия, гепатит С и т.п.)&nbsp;Как остановить губительное действие Мертвой воды на человечество?</p>\r\n<div class=\"tab-content\">\r\n<div id=\"detail\" class=\"tab-pane active\">\r\n<p class=\"tab-pane\">Дать людям&nbsp;ЖИВУЮ ВОДУ!<br /><br />Гидроплазма&nbsp;<strong>WATER&nbsp;FOR&nbsp;LIFE&nbsp;</strong>- это концентрат для приготовления биогенной (живой) воды.<br /><br /><br />В результате двадцатилетних исследований биофизиками Казахстана&nbsp;под руководством профессора В.М. Инюшина&nbsp;было сделано потрясающее открытие: в природной биогенной (полезной для биологических организмов) воде обнаружено существование в небольших количествах особого вещества &ndash; плазмы (свободных комплексов из несвязанных в атомы и молекулы частиц), которая получила название гидроплазма.<br /><strong>WATER&nbsp;FOR&nbsp;LIFE</strong>&nbsp; &mdash;&nbsp; имеет очень большую плотность частиц, а значит, и огромную свободную энергию, которая может противостоять деградации воды, возникающей под воздействием внешних негативных факторов окружающей среды и дать человеку колоссальный ресурс ЭНЕРГИИ&nbsp;&mdash; ДЛЯ МОЛОДОСТИ, ЗДОРОВЬЯ и ДОЛГОЛЕТИЯ!<br />&nbsp;</p>\r\n<a class=\"fancybox img-container float-right\" href=\"app/pages/static/img/water-5.jpg\"><img class=\"img-responsive fr-fic fr-dii\" src=\"app/pages/static/img/water-5.jpg\" alt=\"\" /></a> <strong>WATER&nbsp;FOR&nbsp;LIFE</strong>&nbsp; &mdash; &nbsp;продлевает жизнь, замедляет процессы старения, улучшает состояние клеточных мембран, сохраняет эластичность капилляров и стенок крупных сосудов, улучшает энергоинформационный обмен клеточных структур, увеличивает прочность костей скелета, снижает в 1,5-2 раза риск возникновения злокачественных опухолей, уменьшает зависимость от алкоголя или наркотиков.\r\n<p>&nbsp;</p>\r\n<ul class=\"check-list\">\r\n<li class=\"tab-pane active\">выстраивает качественные и устойчивые внутриклеточные, межклеточные и межсистемные связи организма человека</li>\r\n<li class=\"tab-pane active\">способствует&nbsp;получению необходимых&nbsp;ферментов и антиоксидантов, нейтрализующих&nbsp;действие свободных радикалов</li>\r\n<li class=\"tab-pane active\">способствует&nbsp;реконструкции мембран клеток организма и их качественного обновления</li>\r\n<li class=\"tab-pane active\">восстанавливает клетки печени &ndash; главного центра живого организма, создает благоприятные условия для ее работы</li>\r\n<li class=\"tab-pane active\">производит лечение&nbsp;и профилактику&nbsp;мочекаменной болезни</li>\r\n<li class=\"tab-pane active\">повышает иммунитет, а значит, улучшает резистентность всего организма</li>\r\n<li class=\"tab-pane active\">повышает нейроэмоциональную устойчивость, т.е. поведенческие реакции делает более адекватными, снижает уровень агрессивности и депрессий, формирует устойчивость к стрессам и нагрузкам</li>\r\n</ul>\r\n<p class=\"tab-pane\">Кому это необходимо?<br />Беременным женщинам, детям (начиная с внутриутробного развития)&nbsp;младенческого и возраста становления, молодежи, людям зрелого и пожилого возраста, людям с активной жизненной позицией в семье,&nbsp;творчестве,&nbsp;спорте,&nbsp;бизнесе и политике, всем, кто ценит время и жизненную энергию.<br /><br />Гидроплазма&nbsp;-&nbsp;это пятое состояние воды (вода в плазматическом состоянии).<br /><br />Достаточно добавить несколько капель гидроплазмы <strong>WATER FOR LIFE</strong> в обычную питьевую воду, и вода станет биогенной, то есть живой.<br />&nbsp;</p>\r\n&nbsp;\r\n<p align=\"center\"><strong>ВОДА ДЛЯ ЖИЗНИ - даёт БЕЗУПРЕЧНОЕ ПРЕИМУЩЕСТВО в КАЧЕСТВЕ ЖИЗНИ!</strong></p>\r\n</div>\r\n<div id=\"pokaz\" class=\"tab-pane\"><a class=\"fancybox img-container float-right\" href=\"app/pages/static/img/water-3.png\"><img class=\"img-responsive fr-fic fr-dii\" src=\"app/pages/static/img/water-3.png\" alt=\"\" /></a>\r\n<ul class=\"check-list\">\r\n<li>Профилактика и лечение ОРВИ и других вирусных заболеваний;</li>\r\n<li>Ангины&nbsp;и другие частые простудные заболевания;</li>\r\n<li>Аутоиммунные заболевания: ревматизм, системная красная волчанка и другие;</li>\r\n<li>Паразитозы и глистные инвазии;</li>\r\n<li>Интоксикации и отравления,&nbsp;авитаминозы;</li>\r\n<li>Онкологические заболевания;</li>\r\n<li>Пульмонология: бронхит, трахеит, бронхиальная астма, пневмосклероз и т.д.;</li>\r\n<li>Лор-заболевания: частые ангины, ринит, отит, тугоухость;</li>\r\n<li>Гематология: анемия, нарушение свертываемости крови;</li>\r\n<li>Кардиология: кардионеврозы, стенокардия, аритмия, нейроциркуляторная дистония, гипертоническая болезнь, постинфарктный кардиосклероз, отеки;</li>\r\n<li>Гастроэнтерология: гастриты, язвенная болезнь, дискинезия желчевыводящих путей, заболевания печени (гепатит А, В, С);</li>\r\n<li>Расстройства половой сферы: фригидность, импотенция, первичное бесплодие, андрологические воспалительные заболевания органов малого таза, гинекологические заболевания, предклимактерический и климактерический синдром;</li>\r\n<li>Эндокринология: гипотиреоз, тиреотоксикоз, диффузный токсический зоб, сахарный диабет I и II типа;</li>\r\n<li>Нарушения обмена веществ и лишний вес;</li>\r\n<li>Неврология: головные боли, нарушения памяти, последствия черепно-мозговой травмы, энцефалопатии различного генеза, Паркинсонизм, болезнь Альцгеймера, последствия инсультов и инфарктов головного мозга, невропатии различного происхождения,</li>\r\n<li>Синдром хронической усталости, при угрозе развития злокачественных опухолей;</li>\r\n<li>Глазные болезни: глаукома, катаракта, близорукость, дальнозоркость, синдром &laquo;сухого глазного яблока&raquo;, конъюнктивит и другие воспалительные процессы;</li>\r\n<li>Заболевания опорно-двигательного аппарата: остеохондроз, артриты и артрозы суставов, растяжение связок, травмы и переломы, миозиты;</li>\r\n<li>Стоматология: стоматит, гингивит, кариес, пародонтоз и другие болезни;</li>\r\n<li>Дерматология: псориаз, нейродермит, себорея, выпадение волос, слоящиеся ногти, раны, ожоги, грибковые поражения;</li>\r\n<li>Психические расстройства: астения, невроз, неврастения, психозы, депрессия, нестабильность эмоционального фона;</li>\r\n<li>Зависимости и пристрастия: табакокурение, алкоголизм, компьютерная игромания, наркомания, токсикомания.</li>\r\n</ul>\r\n<p>&nbsp;</p>\r\n</div>\r\n<div id=\"pimen\" class=\"tab-pane\"><a class=\"fancybox img-container float-left\" href=\"app/pages/static/img/water-6.jpg\"><img class=\"img-responsive fr-fic fr-dii\" src=\"app/pages/static/img/water-6.jpg\" alt=\"\" /></a>\r\n<p>Детям до года &ndash; 1 капля на 500 мл чистой воды или молока,&nbsp;принимать по 100 мл 1-2 раза в течение дня.<br />От 1 года до 3 лет &ndash; по 2 капли на 500 мл воды или молока,&nbsp;принимать по 150-250 мл 2 раза в течение дня.<br />От 3 до 5 лет &ndash; по 3 капли на 500 мл воды, прием 2 раза в течение дня.<br />Взрослым &ndash; 5-7 капель на 500 мл воды, прием по 150-250 мл 2-3 раза в день.<br />При хроническом заболевании курс&nbsp;биогенной воды &laquo;WATER FOR LIFE&raquo; составляет не менее 1,5-2 месяцев.<br />Для профилактики простудных заболеваний достаточно два месячных курса биогенной воды &laquo;WATER FOR LIFE&raquo; в год, желательно в межсезонье: весной и осенью.<br />При напряженном и интенсивном режиме и для повышения стрессоустойчивости, биогенную воду &laquo;WATER FOR LIFE&raquo; можно принимать по необходимости и более длительными курсами.<br />Для максимальной профилактики и сохранения здоровья, воду &laquo;WATER FOR LIFE&raquo; рекомендуется принимать на постоянной основе и в необходимых количествах.</p>\r\n<p><a class=\"fancybox img-container float-right\" href=\"app/pages/static/img/water-4.png\"><img class=\"img-responsive fr-fic fr-dii\" src=\"app/pages/static/img/water-4.png\" alt=\"\" /></a> ПОМНИТЕ!</p>\r\n<ul class=\"check-list\">\r\n<li>Основное правило питьевого режима &ndash; ежедневное&nbsp;потребление чистой воды в объеме 30-40 мл на кг массы тела</li>\r\n<li>Противопоказаний нет</li>\r\n<li>Побочные эффекты не отмечены</li>\r\n<li>Возрастные ограничения отсутствуют</li>\r\n<li>Форма выпуска: 1 флакон объемом 30 мл (примерно на 1 месяц)</li>\r\n<li>Срок хранения: 1 год</li>\r\n<li>Условия хранения: в особых условиях не нуждается</li>\r\n<li>Не является лекарственным средством</li>\r\n<li>Одобрено, рекомендовано Казахской Академией питания и Лабораторией курортологии и бальнеологии НИИ К и ВБ</li>\r\n</ul>\r\n<p>&nbsp;</p>\r\n</div>\r\n<div id=\"sostav\" class=\"tab-pane\"><a class=\"fancybox img-container float-left\" href=\"app/pages/static/img/water-7.jpg\"><img class=\"img-responsive fr-fic fr-dii\" src=\"app/pages/static/img/water-7.jpg\" alt=\"\" /></a>\r\n<p><strong>ДИГИДРОКВЕРЦЕТИН (ДГК)</strong> &ndash; жирорастворимый биофлавоноид из древесины лиственницы. По антиоксидантной и капилляропротекторной активности.<br />ДГК &ndash; несомненный лидер и непревзойденный по своей силе флавоноид, имеющий в своей структуре пять гидроксильных групп. Он превосходит известные и применяемые в настоящее время средства в 3-5 раз! За многообразие и универсальность своих профилактических и оздоровительных свойств дигидрокверцетин по праву заслужил почетный титул &laquo;король флавоноидов&raquo;. ДГК &ndash; эффективное антиоксидантное средство, которое прерывает процессы перекисного окисления липидов в мембранах клеток, защищает клетку от повреждающего действия свободных радикалов, а также эффективно исправляет нарушения в различных звеньях антиоксидантной системы организма. ДГК профилактирует развитие окислительного стресса, дегенеративно-дистрофических процессов в тканях и раннего клеточного старения. Позволяет эффективно противодействовать разрушительным факторам современной экологии, производства, характера питания и неправильного образа жизни. Важно подчеркнуть, что ДГК абсолютно безопасен для человека и животных. За последние 30 лет он заслужил достойное признание не только в индустрии здоровья и в косметологии, но и в пищевой промышленности и в сельском хозяйстве. Проведенные многочисленные исследования доказали, что он не вызывает аллергии, не обладает цитотоксическим действием и не провоцирует мутации.<br /><br /><a class=\"fancybox img-container float-right\" href=\"app/pages/static/img/water-9.jpg\"><img class=\"img-responsive fr-fic fr-dii\" src=\"app/pages/static/img/water-9.jpg\" alt=\"\" /></a> <strong>ДИГИДРОКЕМПФЕРОЛ</strong> &ndash; является биогенетическим предшественником ДГК, усиливающим его целебные свойства.<br />Биологическая ценность дигидрокемпферола:<br />Помогает организму очищать кровь и поддерживать ее в нормальном состоянии.<br />Защищает печень от вредных воздействий.<br />Поддерживает регенерацию клеток и восстанавливает желчеотделение, являясь отличным природным гепатопротектором.<br />Нормализует холестерин в крови.<br />Регулирует содержание глюкозы в крови и усиливает процесс устойчивости организма к повреждающему воздействию повышенного сахара. Таким образом, дигидрокемпферол, входящий в состав БФК, предохраняет от сахарного диабета и профилактирует его многочисленные осложнения.<br />&nbsp;</p>\r\n<p><strong>НАРИНГИН: Биологическая активность нарингина:</strong></p>\r\n<div class=\"row\">\r\n<div class=\"col-xs-12 col-sm-6 col-md-4\">\r\n<ul class=\"check-list\">\r\n<li>Антиоксидантное действие</li>\r\n<li>Бронходренажное действие</li>\r\n<li>Снижение уровня холестерина и липидов крови</li>\r\n</ul>\r\n</div>\r\n<div class=\"col-xs-12 col-sm-6 col-md-4\">\r\n<ul class=\"check-list\">\r\n<li>Противовоспалительный эффект</li>\r\n<li>Противоопухолевое действие</li>\r\n<li>Активирует функции головного мозга</li>\r\n</ul>\r\n</div>\r\n<div class=\"col-xs-12 col-sm-6 col-md-4\">\r\n<ul class=\"check-list\">\r\n<li>Подавляет аппетит</li>\r\n<li>Улучшает метаболизм глюкозы</li>\r\n<li>Укрепляет капилляры (повышает эластичность)</li>\r\n</ul>\r\n</div>\r\n</div>\r\n<p>&nbsp;</p>\r\n<p>Основа - Гидроплазма &nbsp; (пятое состояние вещества, имеющееся в воде с многомерными &nbsp; &nbsp; &nbsp; &nbsp; &nbsp; &nbsp; &nbsp; &nbsp; &nbsp; &nbsp; &nbsp;изомерами кластеров)</p>\r\n<p>Ионы флавоноидной группы в малой концентрации, выдержанные особым методом в воде с высокой активностью, предварительно обработанной лазером.</p>\r\n<p>Прозрачная жидкость без вкуса и запаха. Осадок допускается.</p>\r\n</div>\r\n<div id=\"otzyv\" class=\"tab-pane\">\r\n<div class=\"comment-text\">\r\n<p><strong>Оксана (Тюмень)</strong></p>\r\n<p>Вот уже в течение года мы всей семьёй потребляем Гидроплазму и очень благодарны г-ну Инюшину за это ЧУДО! Без преувеличений это именно так. ЖКТ отозвался первым, уже через 2 недели ушли такие проблемы как вздутия и газообразование. Я более 10 лет мучилась сильнейшими и продолжительными мигренями. Прошла массу обследований, медикаментозных и нетрадиционных способов лечения, но всё было тщетно, боль возвращалась. Через месяц после начала приёма Гидроплазмы я стала забывать как это, когда три дня мучаешься от болей и таблетки не помогают. Кроме этого наша семья попрощалась с постоянной цепной реакции хватать и передавать друг другу регулярные ОРВи и прочие инфекционные и ЛОР заболевания, больше мы не реагируем на каждый чих в общественном транспорте))) Иммунитет восстанавливает, поднимает на 100%!!! Моей маме 70 лет, после начала приёма Гидроплазмы её перестали беспокоить суставы рук, улучшилось зрение и снизилась метеозависимость. В общем, я очень рада, что однажды познакомилась с этой удивительной водой и поверила ей.</p>\r\n</div>\r\n<hr />\r\n<div class=\"comment-text\">\r\n<p><strong>Резида, 75 лет (Башкирия)</strong></p>\r\n<p>Гипертония &ndash; около 30 лет, сахарный диабет &ndash; около 20 лет (сахар 12 ед). После 3-х месяцев употребления гидроплазмы &laquo;WATER FOR LIFE&raquo; повышение давления стало меньше беспокоить, прибавилось энергии, улучшилось настроение, сахар снизился до 7 ед.</p>\r\n</div>\r\n<hr />\r\n<div class=\"comment-text\">\r\n<p><strong>Андрей, 48 лет (г. Челябинск).</strong></p>\r\n<p>После длительно зрительной нагрузки (7 часов езды за рулем автомобиля в ночное время) ощутил дискомфорт в глазах и обратил внимание, что склеры красные. Закапал в глаза гидроплазму &laquo;WATER FOR LIFE&raquo; (2-3 капли). Через 30-40 минут обнаружил нормальные склеры, и чувство рези в глазах быстро прошло.</p>\r\n</div>\r\n<hr />\r\n<div class=\"comment-text\">\r\n<p><strong>Елена, 43 года (г. Челябинск).</strong></p>\r\n<p>Беспокоила поливалентная аллергия (особенно на цитрусовые). Перед новогодним праздником (за 1,5 месяца до 1 января) активно стала принимать биогенную воду &laquo;WATER FOR LIFE&raquo; (10 капель на 500 мл питьевой воды). В Новый год съела около 4 кг апельсинов и аллергия не проявилась. Более того была метеочувствительность, которая проявлялась частыми головными болями. Биогенная вода избавила то этого недуга.</p>\r\n</div>\r\n<hr />\r\n<div class=\"comment-text\">\r\n<p><strong>Николай, 56 лет (г. Челябинск).</strong></p>\r\n<p>На фоне приема биогенной воды &laquo;WATER FOR LIFE&raquo; в обычной дозировке (10 капель на 500 мл питьевой воды) через 2-2,5 месяца стал замечать уменьшение тяги к спиртному и даже периодически стойкое неприятие к алкоголю, хотя раньше еженедельно тянуло к выпивке горячительных напитков.</p>\r\n</div>\r\n<hr />\r\n<div class=\"comment-text\">\r\n<p><strong>Сергей, 38 лет (г. Челябинск).</strong></p>\r\n<p>По утрам около 5 лет испытывал затруднение носового дыхания и выделения слизисто-гнойного характера из носа. Принимая биогенную воду &laquo;WATER FOR LIFE&raquo; в обычной концентрации вовнутрь и промывая нос биогенной водой для наружного применения (10-15 капель гидроплазмы на 100 мл воды), обнаружил, что дыхание через нос нормализовалось, и выделения прекратились через 1,5 месяца.</p>\r\n</div>\r\n<hr />\r\n<div class=\"comment-text\">\r\n<p><strong>Татьяна, 44 года (г. Копейск).</strong></p>\r\n<p>Синдром хронической усталости беспокоил около 3-х лет, и трудоспособность была резко снижена. По утрам не испытывала чувства бодрости. Буквально сразу после завтрака хотелось лечь и подремать. Месяц приема биогенной воды &laquo;WATER FOR LIFE&raquo; вернул былую трудоспособность и заряд бодрости как в более молодом возрасте. Также обнаружила у себя хороший косметический эффект: ногти и волосы стали радовать своим состоянием.</p>\r\n</div>\r\n<hr />\r\n<div class=\"comment-text\">\r\n<p><strong>Светлана, 48 лет (г. Копейск).</strong></p>\r\n<p>Около 8 лет страдала запорами. Использовала различные чистки, принимала БАДы и делала клизмы. Улучшение было, но не стойкое. Биогенная вода &laquo;WATER FOR LIFE&raquo; в обычной концентрации во внутрь (3 месяца приема) значительно улучшила работу кишечника. Стул стал регулярным по утрам в течение вот уже 4-х месяцев.</p>\r\n</div>\r\n<hr />\r\n<div class=\"comment-text\">\r\n<p><strong>Анна, 38 лет (г. Челябинск).</strong></p>\r\n<p>Очень часто беспокоит молочница. Особенно после стресса или простуды. Использую традиционные медицинские средства. Эффект наступает обычно через 5-7 дней. Подружка познакомила с гидроплазмой &laquo;WATER FOR LIFE&raquo;. Стала принимать во внутрь и на 3 день приема обнаружила обострение молочницы с сильным зудом и обильными выделениями. Очень удивилась, потому что провоцирующего фактора не было. Проконсультировалась у компетентного врача. Он сказал, что началось очищение, и порекомендовал в дополнение к приему гидроплазмы внутрь делать спринцевание утром и вечером биогенной водой для наружного применения (30 капель на 200 мл воды). Обострение прошло очень быстро (на 2 день спринцевания), что меня очень порадовало и приятно удивило. Через 1,5 месяца была сильная простуда, но молочница не обострилась. Однозначно связываю этот благоприятный факт с приемом целебного эликсира &laquo;WATER FOR LIFE&raquo;.</p>\r\n</div>\r\n<hr />\r\n<div class=\"comment-text\">\r\n<p><strong>Александр, 42 года (г. Челябинск).</strong></p>\r\n<p>На свое здоровье особо не жалуюсь. Активно занимаюсь в тренажерном зале по вечерам три раза в неделю и веду здоровый образ жизни. Но каждую весну отмечаю усталость после обычных тренировок и подавленное настроение. Друзья рекомендовали мне всегда минерально-витаминные комплексы, но я не любитель всяких БАДов. Этой весной познакомился с гидроплазмой, которая меня очень заинтересовала, потому что я стараюсь пить много, чтобы не было обезвоживания, особенно после активных тренировок. Решил перейти с обычной воды на биогенную воду, полученную с помощью &laquo;WATER FOR LIFE&raquo;. Результат меня удивил тем, что я на 4 день приема гидроплазмы перестал испытывать усталость после вечерних тренировок, хотя раньше с ног валился, добравшись до дома. Настроение великолепное и с потенцией стало еще лучше.</p>\r\n</div>\r\n<hr />\r\n<div class=\"comment-text\">\r\n<p><strong>Марина, 38 лет (г. Челябинск).</strong></p>\r\n<p>С 12 лет страдаю приступообразными головными болями с тошнотой и неукротимой рвотой. Плюс подавленное настроение и дефицит энергии. Поставили диагноз: мигрень. Приступы происходят с ежемесячной частотой, продолжаются около 2-3 дней и плохо обезболиваются различными таблетками. В январе услышала по гидроплазму &laquo;WATER FOR LIFE&raquo; и стала пить на постоянной основе в обычной дозировке. Приступы не беспокоят уже 3 месяца. Даже бокал вина в День своего рождения не спровоцировал обострение, а раньше после такой дозы легкого спиртного головная боль появлялась со 100% гарантией. Настроение отличное и энергии хватает на целый день. Очень благодарна Инюшину В.М. за его очень полезную биогенную воду.</p>\r\n</div>\r\n<hr />\r\n<div class=\"comment-text\">\r\n<p><strong>Алексей, 41 год (г. Нижневартовск).</strong></p>\r\n<p>С 18 лет страдаю доброкачественной гипербилирубинемией (Болезнь Жильбера). Печень сильно не беспокоила. Вот только билирубин никогда не был в норме. Периодически проходил лечение в гастроэнтерологии, ставили капельницы и делали уколы. Использовал курсами различные БАДы весной и осенью для поддержания работы печени, но показатели билирубина все равно не приходили в норму. И со временем я смирился со своим состоянием. В декабре 2015 года мне рассказали про удивительную гидроплазму &laquo;WATER FOR LIFE&raquo; и сказали, что для печени она очень нужна. Я согласился пить биогенную воду и перешел на постоянный режим потребления. Через 4 месяца во время очередной диспансеризации я сдал печеночные пробы. Билирубин оказался в норме. Лечащий врач очень удивился, а потом порадовался моему состоянию. Я не поверил результату и повторно сдал анализы в платном диагностическом центре. Показатели билирубина были в норме и точно такими же. Это просто фантастика! Низкий поклон и большая благодарность академику Инюшину В.М. за его открытие.</p>\r\n</div>\r\n<hr />\r\n<div class=\"comment-text\">\r\n<p><strong>Регина, 34 года (г. Уфа).</strong></p>\r\n<p>Миома матки 8 мм, была предложена операция. Принимала гидроплазму &laquo;WATER FOR LIFE&raquo; в обычной дозировке. Результат через 3 месяца: миома уменьшилась до 2 мм, отпала необходимость в операции и наступила долгожданная беременность.</p>\r\n</div>\r\n<hr />\r\n<div class=\"comment-text\">\r\n<p><strong>Елена, 37 лет (г. Уфа).</strong></p>\r\n<p>Пять лет назад попала под наблюдение гинеколога с диагнозом узловая мастопатия правой груди и нарушение менструального цикла (месячные редкие, нерегулярные и скудные). Беспокоили боли и уплотнения железистой ткани, а подмышечные лимфоузлы были слегка увеличены. Врач назначал лечение и ежегодное обследование. Через год стала побаливать левая грудь, что меня серьезно расстроило. Начала интересоваться народными средствами и применять их для себя. Боли и уплотнения в левой груди перестали беспокоить, а в правой улучшения не наблюдалось. В январе подружка пригласила на вебинар, который проводил доктор и рассказывал про гидроплазму &laquo;WATER FOR LIFE&raquo; &ndash; воду III тысячелетия. После консультации с врачом начала пить биогенную воду и прикладывать ватные диски с биогенной водой повышенной концентрации на места уплотнения. Почувствовала улучшение общего самочувствия и насыщение организма необходимой энергией. Где-то через 2 месяца обратила внимание на обильные месячные, а еще через месяц стала замечать, что болезненность и размеры уплотнений в правой груди начали уменьшаться. Похудела на 8 килограмм. На 5 месяц приема гидроплазмы во время очередного осмотра гинеколог обнаружил значительное улучшение со стороны правой груди и подмышечных узлов справа. Месячные пришли в норму и стали регулярными на протяжении последних трех месяцев. Во время сексуальной близости стала испытывать оргазм, о котором давно пришлось забыть. Приятно чувствовать себя счастливой и полноценной женщиной. Спасибо гидроплазме за мое женское здоровье и семейную гармонию.</p>\r\n</div>\r\n<hr />\r\n<div class=\"comment-text\">\r\n<p><strong>Нина, 20 лет (г. Курган).</strong></p>\r\n<p>С детства мучает дисбактериоз: частые запоры и боли в животе. В последние 3 года периодически обостряется холецистит (на УЗИ утолщение стенки и перегиб пузыря). Нарушение в диете обязательно сказывалось на моем кишечнике и желчном пузыре. О гидроплазме &laquo;WATER FOR LIFE&raquo; узнала в декабре 2015 года. Без капельки сомнения стала активно пить биогенную воду и умываться ей, так как из-за дисбактериоза периодически появлялись прыщики на лице и теле. На 5 день приема гидроплазмы ощутила резкие боли в животе и многократный стул серо-зеленого цвета. Меня предупредили, что пойдет очищение и возможно обострение на фоне длительных задержек (иногда не могла сходить в туалет по 4-5 дней). Останавливаться не стала. Мучения длились 3 дня, и кишечник успокоился. С каждой прожитой неделей я чувствовала, что мое общее состояние улучшается и кишечник приходит в норму. На третий месяц постепенно начала расширять свою диету и кушать то, от чего раньше воздерживалась. Последний месяц в туалет &laquo;по-большому&raquo; хожу регулярно. Вижу хороший косметический эффект на лице: кожа стала чистой.</p>\r\n</div>\r\n<hr />\r\n<div class=\"comment-text\">\r\n<p><strong>Гоша, 4 мес. (г. Челябинск).</strong></p>\r\n<p>На фоне приема детских смесей были трудности со стулом: сильно плакал и подолгу не мог опорожнить кишечник. После приема биогенной воды &laquo;WATER FOR LIFE&raquo; (1 капельки на 200 мл чистой питьевой воды) работа кишечника усилилась, а потом нормализовалась. Несколько дней приема биогенной воды восстановили кишечник.</p>\r\n</div>\r\n<hr />\r\n<div class=\"comment-text\">\r\n<p><strong>Валентина, 63 года (г. Магнитогорск).</strong></p>\r\n<p>Мучаюсь с ногами уже около 13 лет, потому что имею серьезный диагноз: варикоз с тромбофлебитом. Операцию не делают из-за сердечной недостаточности. С трудом поднимаюсь на четвертый этаж. Глотаю различные таблетки. Соседка после новогоднего праздника порекомендовала добавлять в обычную питьевую воду капельки гидроплазмы &laquo;WATER FOR LIFE&raquo; и забинтовывать ноги бинтом, смоченным в биогенной воде на основе гидроплазмы. Объяснила, что это будет улучшать качество крови и состояние сосудов. Последовала ее настойчивым рекомендациям и не пожалела. Одышка уменьшилась, стало легче передвигаться. На 4 месяц наружного использования гидроплазмы увидела резкое уменьшение варикозных узлов и вены стали менее заметными, чем раньше. Поднимаюсь на 4 этаж без остановок. Надеюсь на дальнейшее улучшение моего состояния. Каждый раз при встрече с соседкой благодарю ее за заботу и внимание по отношению ко мне.</p>\r\n</div>\r\n<hr />\r\n<div class=\"comment-text\">\r\n<p><strong>Олег, 46 лет (г. Челябинск).</strong></p>\r\n<p>После переохлаждения начался ларингофарингит с начальными явлениями трахеита. После 5 процедур ингаляции биогенной водой &laquo;WATER FOR LIFE&raquo; (5 капель гидроплазмы на 5 мл чистой воды) с помощью механического небулайзера (ингалятора) в первый день заболевания к вечеру ощутил значительное улучшение, а на следующий день необходимости в ингаляции уже не было, так как чувствовал себя хорошо, и жалоб не было.</p>\r\n</div>\r\n<hr />\r\n<div class=\"comment-text\">\r\n<p><strong>Николай, 51 год (г. Челябинск).</strong></p>\r\n<p>19 лет назад была спортивная травма поясничного отдела позвоночника и правого коленного сустава. Ежегодно в весеннее время проводил реабилитационные процедуры по поводу травмы спины и коленки. Эффект был, но не продолжительный и с годами интенсивность болей нарастала. Особенно весной приходилось даже носить специальный пояс для фиксации поясничного отдела позвоночника и накладывать эластичный бинт на поврежденный сустав. С января 2016 года посоветовали пить гидроплазму &laquo;WATER FOR LIFE&raquo; и делать примочки на поясницу с биогенной водой по вечерам на 30-40 минут, если днем позвоночник испытал перенапряжение в пояснице, а также забинтовывать больной коленный сустав марлевым бинтом, смоченным в биогенной воде (концентрация для наружного применения). Эту весну чувствую себя намного лучше, и объем очередных реабилитационных процедур лечащий доктор уменьшил из-за моего удовлетворительного состояния. Буду и дальше продолжать пить воду и оздоравливаться снаружи. Спасибо &laquo;WATER FOR LIFE&raquo; &ndash; чудодейственной воде XXI века.</p>\r\n</div>\r\n<hr />\r\n<div class=\"comment-text\">\r\n<p><strong>Татьяна, 32 года, (г. Коркино).</strong></p>\r\n<p>Девять лет болею псориазом (наследственность по материнской линии). Особенно сильно &laquo;цвела&raquo; в весеннее время. Ежегодно лечилась традиционными методами. Эффект был незначительным и непродолжительным. Гормонотерапию не использовала, так как не хотела побочного эффекта. Народные средства улучшали состояние, но дежурные бляшки на локтях никогда не исчезали. В январе 2016 года услышала о гидроплазме &laquo;WATER FOR LIFE&raquo;, которую можно использовать во внутрь и снаружи. Появилась надежда. Проконсультировалась с врачом и стала следовать его рекомендациям: использовать гидроплазму вовнутрь, а также орошать проблемную кожу и делать примочки биогенной водой повышенной концентрации (15-20 капель на 100 мл воды) на дежурные бляшки. Через 10-14 дней стала чувствовать общее улучшение состояние: появилась энергия, и улучшилось настроение. Стала худеть и за месяц потеряла 4 кг лишнего веса. Ко второму месяцу стали заметны косметические улучшения. Хочется отметить, что этой весной не было такого сильного обострения как раньше. Дежурные бляшки на локтях становятся менее заметными. Продолжаю процесс своего оздоровления. Надеюсь на дальнейшее улучшение, так как период использования гидроплазмы еще пока непродолжительный и составляет около 4-х месяцев.</p>\r\n</div>\r\n<hr />\r\n<div class=\"comment-text\">\r\n<p><strong>Олег, 46 лет (г. Челябинск).</strong></p>\r\n<p>На фоне приема биогенной воды &laquo;WATER FOR LIFE&raquo; сразу стал ощущать эффект очищения печени и кишечника. Потом через неделю почувствовал прилив сил и повышение трудоспособности. Еще через несколько дней заметил повышение стрессоустойчивости и гармонизацию душевного состояния.</p>\r\n</div>\r\n<hr />\r\n<div class=\"comment-text\">\r\n<p><strong>Римма, 39 лет (г. Уфа).</strong></p>\r\n<p>Экзема на руках 12 лет после рождения второго ребенка, которого вынашивала тяжело. Использовала все доступные медикаментозные мази и глотала массу различных БАД. Эффект был, но не особо радовал меня. Руки всегда хотелось спрятать от людских глаз. И еще появилась интимная проблема: месячные стали нерегулярными и скудными. Гидроплазму &laquo;WATER FOR LIFE&raquo; стала использовать в конце января по рекомендации подружки, у которой перестала часто болеть голова. Пила во внутрь и делала ванночки с теплой биогенной водой для кистей рук на 30-40 минут. Недели через 3 стала замечать улучшение состояния и активное заживление трещинок. Через месяц начались обильные месячные как раньше. Последние три месяца они проходят нормально и во время. Улучшилась сексуальная жизнь. На 4 месяц использования гидроплазмы показала свой результат врачу, который обрадовался внешнему виду моих ручек. Сожалею, что не сделала фотографию, что было с ними до гидроплазмы, чтобы всем показывать колоссальную разницу. Теперь я не прячу свои руки, а наоборот всем показываю, какие они у меня стали красивые.</p>\r\n</div>\r\n<hr />\r\n<div class=\"comment-text\">\r\n<p><strong>Татьяна, 56 лет (г. Уфа).</strong></p>\r\n<p>В 43 года после сильного переохлаждения поставили диагноз пиелонефрит. Обострения были очень частыми по 3-4 раза в год. Лечилась и в стационаре, и амбулаторно. Последние три года стала сильно отекать, и повысилось давление. Врач периодически назначает мочегонные, сосудистые и антибиотики, после которых присоединился дисбактериоз кишечника с частым жидким стулом. Жизнь оказалась не в радость. Поликлиника стала как дом родной, а аптека &ndash; продуктовым магазином. Про гидроплазму &laquo;WATER FOR LIFE&raquo; рассказали в конце декабря. На нее сразу возложила последнюю свою надежду. Через неделю почувствовала боль в пояснице. Сказали, что это обострение и останавливать процесс нежелательно. Боль прошла через три дня. В течение месяца активно стали уходить отеки, и я похудела на 9 килограмм. Давление нормализовалось на третий месяц, и я отказалась от лекарств. Анализы мочи в пределах нормы. В туалет хожу без проблем. О, свершилось чудо! Огромное спасибо потрясающему изобретению для всего человечества.</p>\r\n</div>\r\n<hr />\r\n<div class=\"comment-text\">\r\n<p><strong>Оксана, 48 лет (г. Челябинск).</strong></p>\r\n<p>На фоне приема биогенной воды &laquo;WATER FOR LIFE&raquo; (10-15 капель на 500 мл питьевой воды) стала замечать по утрам, что отхаркивается зеленая мокрота. До этого беспокоил непродолжительный кашель по утрам. Через 3 недели выделения из бронхо-легочной системы прекратились, и исчез утренний кашель.</p>\r\n</div>\r\n<hr />\r\n<div class=\"comment-text\">\r\n<p><strong>Глеб, 3,5 года (г. Троицк).</strong></p>\r\n<p>После того как пошел в 2 года в детский сад, начал болеть различными простудными заболеваниями с частотой 1 раз в 2 месяца. Использовали различные минерально-витаминные комплексы для детей, детские йогурты для иммунитета, но особого результата не увидели. В декабре 2015 года услышали о гидроплазме &laquo;WATER FOR LIFE&raquo; и тут же подумали о нашем ребенке. Стали давать ему ежедневно биогенную воду в разведении 3 капли на 500 мл питьевой воды. Этот объем он с удовольствием выпивал в течение дня. Результат нас очень вдохновил и порадовал: за все время приема гидроплазмы ни разу не было простудных заболеваний. Также обратили внимание, что ребенок стал более спокойным, веселым и работа кишечника нормализовалась, а до этого иногда беспокоили боли в животике и жидкий стул.</p>\r\n</div>\r\n<hr />\r\n<div class=\"comment-text\">\r\n<p><strong>Кристина, 7 лет (г. Челябинск).</strong></p>\r\n<p>С детства была слабым ребенком с частыми простудными заболеваниями: ангина и бронхит. В 4 года появились приступы кашля с удушьем. Поставили предастматический бронхит и назначили различные лекарства. Антибиотики использовали очень редко, потому что ребенок сразу начинал жаловаться на боли в животе. Применяли различные народные средства, которые уменьшали срок лечения, делали ингаляции, но приступы все равно появлялись. Врач нас предупредил, что у ребенка может появиться бронхиальная астма, чего мы очень боялись. В декабре 2015 года по рекомендации знакомых стали давать биогенную воду &laquo;Вода для жизни&raquo; в концентрации 7 капель гидроплазмы на 500 мл воды. Старались, чтобы ребенок выпивал до 1 литра целебной воды. Через 5 дней начался сильный кашель с мокротой, но без температуры. Нас предупредили, что пошел процесс очищения, и порекомендовали делать ингаляции с биогенной водой. Обострение кашля длилось 2 дня без температуры. С момента очищения и по сегодняшний день (прошло 4 месяца) не было простуды в виде кашля и температуры. Единственный раз появился насморк, и мы с ним справились за два дня, закапывая гидроплазму без разведения в нос. Теперь у нас в доме появился добрый доктор &laquo;Айболит&raquo;, чему мы очень рады.</p>\r\n</div>\r\n<hr />\r\n<div class=\"comment-text\">\r\n<p><strong>Рафаэль, 76 лет (Башкирия).</strong></p>\r\n<p>Более 15 лет страдал простатитом. После 2-х месяцев употребления гидроплазмы &laquo;WATER FOR LIFE&raquo; перестали беспокоить частые ночные позывы на мочеиспускание.</p>\r\n</div>\r\n<hr />\r\n<div class=\"comment-text\">\r\n<p><strong>Виктор, 54 года (г. Чебаркуль).</strong></p>\r\n<p>Страдаю онкологическим заболеванием: аденома простаты. Доктор сказал, что очень высокий риск перехода в рак, потому что титр онкомаркеров был всегда очень высоким. Регулярно проходил диспансерные осмотры в онкодиспансере и сдавал необходимые анализы. Врачи отмечали стабильное состояние с небольшими отклонениями то в лучшую сторону, то в худшую. Всегда старался придерживаться рекомендаций лечащего врача, но болезнь все равно каждый день давала о себе знать. В декабре случайно узнал от одного человека о гидроплазме &laquo;WATER FOR LIFE&raquo;, доверился информации, начал пить биогенную воду и целый месяц делал с ней микроклизмы (1 мл гидроплазмы на 200 мл воды). В течение первой недели стал ощущать прилив сил и улучшение настроения. Через месяц боли в промежности стали уменьшаться и процесс мочеиспускания улучшился. Стала появляться утренняя эрекция и я снова почувствовал себя мужчиной. На четвертый месяц использования гидроплазмы пришел на диспансерный осмотр. Услышав, что мое состояние стало улучшаться, доктор назначил УЗИ простаты и анализ крови на онкомаркеты. Мой результат оказался блестящим: размеры простаты умень-шились в 1,4 раза, а количество онкомаркеров снизилось в 1,8 раза. Продолжаю пить биогенную воду и каждое утро радуюсь новому дню. Появилась надежда, что смогу справиться без операции со своим недугом.</p>\r\n</div>\r\n<hr />\r\n<div class=\"comment-text\">\r\n<p><strong>Нина, 54 года (г. Челябинск).</strong></p>\r\n<p>Последние 16 лет у меня серьезный диагноз: диффузный токсический зоб, узловая форма, множественные узлы обеих долей. Имею еще небольшой &laquo;букет&raquo; заболеваний и ожирение. Регулярно наблюдаюсь у эндокринолога в поликлинике по месту проживания. Использую медикаменты и народные средства. Лечащий врач говорит, что мое состояние относительно стабильное. В январе после новогодних праздников услышала про гидроплазму &laquo;WATER FOR LIFE&raquo;. К воде я отношусь серьезно и решила проверить ее действие на себе. Начала делать биогенную воду до 2-2,5 литров и пить в течение дня. В первый месяц стала отмечать какое-то общее улучшение организма. Похудела на 12 кг за два месяца. Небольшие отклонения в здоровье стали меньше беспокоить. В апреле на УЗИ щитовидной железы обнаружили уменьшение размеров узлов, и их количество стало меньше. Чувствую себя намного лучше. Раньше с нетерпением ждала пенсионного возраста и мечтала уйти на пенсию. Сейчас пересмотрела свои планы, и буду продолжать трудиться на своей любимой работе.</p>\r\n</div>\r\n<hr />\r\n<div class=\"comment-text\">\r\n<p><strong>Ода продукту!</strong></p>\r\n<p>Добрый вечер, компания,на которую я возлагаю большие надежды.Продуктом пользуюсь совсем не давно, постепенно изучаю его.Могу сказать одно &mdash; начался простудный процесс &mdash; болеть голова, горло и появился озноб.Капала капли гидроплазмы под язык, в нос, В первый день &mdash; улучшение состояния на 60%, на второй день все симптомы исчезли.Спасибо Инюшину В.М. за продукт, а компании и спонсорам за информацию и наличие товара.Здорово!..</p>\r\n</div>\r\n<hr />\r\n<div class=\"comment-text\">\r\n<p><strong>Павел, 48лет. (г. Уфа)</strong></p>\r\n<p>Пью гидроплазму с июня месяца, уже через неделю почувствовал результат- энергию, работоспособность, как будто помолодел лет на десять, перестали болеть колени, спина. С утра просыпаюсь бодрым сразу, а раньше уходило полчаса, пока мышцы придут в тонус. Летом в купальный сезон обострился аллергический насморк, перед сном закапал концентрат в глаза и нос, через 20 минут чесотка в носу успокоилась. Утром и днём повторил, нос открылся, всё прошло. В апреле месяце сего года у меня вдруг проявился псориаз, раньше его не было. Прошёл двухнедельный дневной стационар, выступления на коже удалось убрать, но врач сказал, что теперь он будет мучить меня вся жизнь, что псориаз неизлечим. Время конечно покажет, но если псориаз больше не проявится, то буду благодарить гидроплазму и судьбу за то что привела меня в imagine people. Младшей и старшей дочери был поставлен диагноз-гастрит. У обоих были проблемы со стулом. После употребления &laquo;живой&raquo; воды всё нормализовалось, у старшей ещё и угревая сыпь прошла. Теперь гидроплазма заменяет нам все лекарства.</p>\r\n</div>\r\n<hr />\r\n<div class=\"comment-text\">\r\n<p><strong>Светлана, 35 лет (Екатеринбург)</strong></p>\r\n<p>С 18 лет мой диагноз &mdash; ревматоидный полиартрит. Это бесконечные боли, скованность в движениях и ощущение безвыходности&hellip; СТО РАЗ можно было сдаться и опустить руки! Мой лечащий врач, разведя руками, сказал: &laquo;Жди результата&raquo;&hellip;. Но я никогда не сдавалась! Искала выход &mdash; новые методы и возможности. Год назад я узнала о ГИДРОПЛАЗМЕ. Друзья, это &raquo; БОМБА&raquo;! В моей жизни ВСЕ ИЗМЕНИЛОСЬ! Уже через полторы недели я почувствовала изменения. Теперь, спустя столько лет я СНОВА ЖИВУ! Живу без болей, без скованности в движениях&hellip;. И САМОЕ ГЛАВНОЕ &mdash; БЕЗ ТАБЛЕТОК!!! Я хочу, чтоб Вы понимали &mdash; выход всегда ЕСТЬ! Главное &mdash; не отчаиваться и действовать! Об этом надо знать! Изменить свою жизнь &mdash; ЛЕГКО!!!</p>\r\n</div>\r\n<hr />\r\n<div class=\"comment-text\">\r\n<p><strong>Елена( Екатеринбург)</strong></p>\r\n<p>Здравствуйте. На работе моя коллега пожаловалась на расстройство желудка. Я на стакан воды развела 15 капель гидроплазмы и она ее выпила. Через час все пришло в норму. Проблема прошла. Коллега сразу приобрела бутылочку гидроплазмы.</p>\r\n</div>\r\n<hr />\r\n<div class=\"comment-text\">\r\n<p><strong>Анастасия г. Миасс</strong></p>\r\n<p>Здравствуйте! меня зовут Анастасия, я висцеральный терапевт, остеопат(массажист).Я употребляю биогенную воду 2 недели и 4 дня, пишу так точно, т.к каждый день я, моя семья и мои пациенты получают положительные результаты от ее применения. с первого же стакана, прилив сил, активность, улучшение мозговой деятельности. на четвертый день применения, всей семьей отметили легкость в усвоении пищи, у мужа в этот же день значительно улучшилось зрение пропал синдром&raquo; куриной слепоты&raquo; из-за хронической анемии у меня была проблема так называемые &laquo;заеды&raquo; на губах, теперь их нет, перестали &laquo;сыпаться&raquo; волосы, жду теперь результатов по ногтям! Было необходимо бодрствовать сутки без сна, пила воду, закапывала 1 раз днем в уши и глаза, это помогло сохранить нужное рабочее состояние, продукт работает мягко и постепенно, я ощущаю его действие по всему организму в его &laquo;слабых&raquo; местах, то голова немного по болит и пройдет(есть проблема с сосудами головы), то сустав, или орган требующий внимания. У мужа всегда осенью обострение хронического холецистита, что сопровождается температурой, сонливость, вялостью и прочими неприятными симптомами, организм с благодарностью принял помощь в виде биогенной воды, мой муж работоспособен, у него чудесное настроение и энергии в достатке, не принимает никаких лекарственных препаратов. Таким образом это еще и дополнительная диагностика. У пациентки, на фоне антипаразитарной очистки, обострился цистит, 1л. воды решил эту проблему, рези прошли почти сразу. Пейте правильную воду дорогие друзья и будьте здоровы и счастливы вместе со своими близкими!</p>\r\n</div>\r\n<hr />\r\n<div class=\"comment-text\">\r\n<p><strong>Валентина, г.Уфа</strong></p>\r\n<p>Хочу поделиться результатами, применяя ALFA ДИГИДРОКВЕРЦЕТИН. С продуктом только начала знакомиться, но доверяя производителю и доктору, начала применять его на практике. Сутки назад было состояния здоровья на стадии простудного заболевания, но получилось так, что дома закончилась гидроплазма( результат от ее применения уже колоссальный, в т.ч. и по респираторным заболеваниям). На вебинаре Тамара поделилась своим результатом, что при простудном заболевании, употребила по 2 капсулы ALFA ДИГИДРОКВЕРЦЕТИНа и за 2 дня решила свою проблему положительно. Я последовала ее примеру, правда, пила по 1 таблетке 2 дня и результат аналогичный! Очень советую принять информацию о продуктах компании, с которой я сотрудничаю и несу радость и благодарность тех людей, которые меня услышали! Всем здоровья!</p>\r\n</div>\r\n<hr />\r\n<div class=\"comment-text\">\r\n<p><strong>Марина, 49 лет (г. Ирбит)</strong></p>\r\n<p>Мое состояние здоровья в последнее время было далеко от нормы &mdash; вес около 150 кг, сахарный диабет (20 &mdash; 22 ед), отеки, давление. Употребляю гидроплазму и БАД &laquo;МОЯ ТАЛИЯ&raquo; около трех месяцев. Результат меня очень радует : минус 21 кг, сахар снизился до 7 ед. Благодарю за возможность простым способом улучшить здоровье!!!</p>\r\n</div>\r\n<hr />\r\n<div class=\"comment-text\">\r\n<p><strong>Сергей( Екатеринбург)</strong></p>\r\n<p>Несколько лет сохла и трескалась кожа на руках. Никакие мази, гели, и др. не помогали. Начал делать примочки с гидроплазмой в течении двух недель, трещины зажили, кожа стала мягкой, увлажненной, перестала трескаться.</p>\r\n</div>\r\n<hr />\r\n<div class=\"comment-text\">\r\n<p><strong>Михаил, 50 лет, Краснотурьинск</strong></p>\r\n<p>Вчера, 26 декабря 2016 года, я ножом срезал кожу на среднем пальце правой руки. Кровь остановил повязкой. После капнул 1 каплю &laquo;WATER FOR LIFE&raquo; и лёг спать. Утром рана почти затянулась. Я капнул ещё одну каплю и рана полностью затянулась в течение 4 часов.</p>\r\n</div>\r\n<hr />\r\n<div class=\"comment-text\">\r\n<p><strong>Михаил Легаев, 50 лет, Краснотурьинск</strong></p>\r\n<p>У жены случился насморк &ndash; 5 платков за день. Закапав в каждую ноздрю в течение дня 4 раза по 1 капле &laquo;WATER FOR LIFE&raquo;, на утро встала без насморка.</p>\r\n</div>\r\n<hr />\r\n<div class=\"comment-text\">\r\n<p><strong>Лариса Тюмень</strong></p>\r\n<p>Папе 83 года, грибок на ногах более 10 лет, конечно, лечили всеми известными мазями, дорогими таблетками и народными средствами. В результате не долгое мнимое спокойствие и прогрессирование болезни, с появлением воспаления грибка на руках. Уже не верил и не хотел пробовать ничего нового, доставляя неудобства себе и близким этой заразной болячкой. После 2х дней на ночь примочек с биогенной водой, шепнул на ухо, что у него происходят чудеса, &mdash; главный очаг на большом пальце вскрылся и безболезненно отошел с больным ногтем. Это сильно отца впечатлило и вдохновило на следующий, надеемся на заключительный и быстрый этап выздоровления.<br />Маме 78 лет, кашель после лечения простуды не проходил более 3-х недель, мешал говорить, спать и по словам &laquo;был сильно не хорошим&raquo;.. А с утра, как правило, головная боль и раздражительность. После 2-х раз ингаляций с 1 капелькой Гидроплазмы уснула и спала до утра сама, и нам всем дала выспаться! Закрепила результат в течении 3 дней и первый раз сказала мне -ДА, Я СЕЙЧАС Воде ВЕРЮ!<br />Так что ничего не надо доказывать ни кому, просто возьмите и проверьте на себе и близким вам людям, что это за Биогенная вода!?</p>\r\n</div>\r\n<hr />\r\n<div class=\"comment-text\">\r\n<p><strong>Рузиля Галимова Уфа</strong></p>\r\n<p>C августа 2016 года, принимаем &laquo;WATER FOR LIFE&raquo; всей семьей, за всю зиму не болели гриппом , капаю в глаза , рассосалась катаракта , внук 16 лет , аденоиды пришли в норму, раньше в зимние время нос не дышал, на операцию не хотели, Благодаря , &laquo;WATER FOR LIFE&raquo; стало дышать легко , внучка 2 годика, капаю в рот несколько капель для профилактики у самой было воспаление легких 12 лет назад, через обострение очистились бронхи. Препарат работает реально на 100%. Благодарю!!! Всем желаю здоровья!!!</p>\r\n</div>\r\n<hr />\r\n<div class=\"comment-text\">\r\n<p><strong>Галина, Оренбург</strong></p>\r\n<p>Я- врач по специальности. История моего знакомства с гидроплазмой уходит корнями в глубокое прошлое.<br />Мои наблюдения по результатам с 31.01.2016 года<br />Всю свою сознательную жизнь я искала метод, или универсальный продукт, который будет восстанавливать самого человека как многофункциональную систему. Еще на 1 курсе мед.академии я пришла в деканат с вопросом&raquo;Когда в медицине перестанут лечить симптомы и синдромы, а займутся восстановлением здоровья в целом, когда упор будет сделан на человека, а не на болезненные симптомы?&raquo; Ответ был поразительным:<br />&laquo;Да, мы сейчас рассматриваем возможности перестройки программы обучения студентов, ваш курс как раз является переходным&raquo;<br />Прошло 38 лет с момента получения мной диплома врача-лечебника, за которые я так и не смогла найти универсального средства, хотя искала всегда.<br />А ответ был рядом &mdash; это вода. Впервые узнала о гидроплазме 31 января 2017 года. Начала принимать сама и посоветовала ряду своих знакомых.<br />РЕЗУЛЬТАТЫ на сегодня превзошли все ожидания: исчезли или значительно уменьшились явления гипервозбудимости у детей, улучшился сон и повысилось настроение у всех, принимающих эту &laquo;ЖИВУЮ ВОДУ&raquo;, ушли симптомы геморроя, исчезли боли и нормализовался стул при тяжелом язвенном колите, улучшилось зрение, разгладились мелкие морщинки на лице, исчезли боли в пояснице, у ребенка с ДЦП сдвиг в лучшую сторону по симптоматике, уменьшились симптомы аллергии, мужчины отмечают улучшение состояния с мочеполовой сферой, что немаловажно в возрасте за 50.<br />Теперь непосредственно -о моих результатах за короткий период с 31 января 2016 года:<br />На моей компьютерной диагностике &ndash; результаты просто потрясли &mdash; обнаружились изменения в шейно-грудном и поясничном отделах позвоночника( скажите, у кого их сейчас нет? даже в более молодом возрасте у многих такие проблемы есть, а у врача с сидячим образом жизни &mdash; это естественно, и я об этих проблемах знала. Второе , на что обратил внимание диагност &mdash; это нагрузка на венозные сосуды, да, действительно в последние 2 месяца страдала обострением т.н. &laquo;царской болезни&raquo;, беспокоили геморроидальные узлы, традиционные методы лечения не помогали, а за 5 дней приема гидроплазмы узлов как не бывало. Но я понимаю, что для нормализации процессов венозного застоя, конечно, нужно время, и я продолжаю принимать гидроплазму. Третья проблема, выявленная на диагностике связана с кожей. Это вообще отдельная история: страдаю псориазом с 12 лет. В медицинский, собственно, поступала с целью найти способ излечения от этой неудобной проблемы, которая многих может привести к инвалидности, если поражаются суставы. Увы, все ранее известные методы результатов либо вообще не давали, либо давали кратковременное улучшение состояния. Обострения наступали в холодное время года, до прихода солнышка ничем не снимались. За 1,5 месяца приема гидроплазмы ушли полностью высыпания на теле( Я вновь смогла посещать бассейн!), дежурные бляшки на локтях стали бледными , более плоскими, прошла стадия шелушения. Я уверена, что дальнейший прием гидроплазмы полностью избавит меня от этой проблемы!!!!!!!!!!!!!!!!!!!!!!!!!!!!!!! В преддверии Нового 2017 года ко мне пришло ЧУДО, по другому я не могу это назвать. Вот и все, что выявилось на диагностике у женщины в 59 лет(а я-то не обращалась к коллегам уже более 15 лет, и думала, что на диагностике в каждом моем органе найдутся изменения. Но я ведь пила до этого гидроплазму в течение месяца, и только потом пошла на диагностику.<br />Это еще одно подтверждение результатов улучшения состояния органов и систем за короткий период приема воды.<br />ВОДУ ПЬЮТ ВСЕ!!!!!!!!!!!!!!!!!!!!!!!!!!!!!!!!!!<br />Противопоказаний нет! В отличии от лекарственных препаратов, где показаний гораздо меньше, чем противопоказаний.<br />В следующем отзыве напишу те чудесные преобразования в моей жизни, которые происходят со мной с момента приема гидроплазмы. У кого есть личные вопросы к врачу, стучитесь в скайп galinaradaeva<br />Всем здравия, счастья, удачи и успехов!!!!!!!!!!!!!!!!!!!!!! Я люблю вас, IMAGINE PEOPLE!!!!!!!!!!!!!!!!!!!!!!!!!!!!!</p>\r\n</div>\r\n<hr />\r\n<div class=\"comment-text\">\r\n<p><strong>Оксана, 34 года, г. Санкт-Петербург</strong></p>\r\n<p>Сегодня я сделала повторное УЗИ брюшной полости, в ноябре 2015 года проходила обследование в санатории, где был обнаружен полип в желчном пузыре 4,5 мм, размер хоть и небольшой, но врачи рекомендовали вести наблюдение за его ростом, так как большие образования потребуют хирургического вмешательства. После гинекологической операции в июле 2015 года я стала внимательнее относиться к здоровью, так в феврале 2016 года подруга познакомила меня с продуктом под названием &laquo;биогенная вода&raquo; (живая вода). Прием гидроплазмы начала с марта не большими дозами, а с апреля 2016 года без всяких опасений перешла на постоянное его потребление. Сегодня, 24.03.2017 года, я сделала повторное УЗИ брюшной полости и уже рассказала об этом всем своим близким, молчать не могу, так как лекарств я не применяла, а полип ИСЧЕЗ с экрана СОВСЕМ!!!! Диагноз врача тому подтверждение! Остались хлопья, которые в последствии могут перерасти в камни, но я продолжаю свои наблюдения и уверенна, что с таким продуктом исчезнут и они! Всем здоровья, берегите своих близких, остальное приложится!</p>\r\n</div>\r\n<p>&nbsp;</p>\r\n</div>\r\n</div>\r\n</div>\r\n</div>', 52, 20, '2019-03-01 05:35:31', '2019-03-01 05:40:19', NULL, 0);
INSERT INTO `products` (`id`, `name`, `img`, `mini_description`, `description`, `price`, `points`, `created_at`, `updated_at`, `deleted_at`, `is_present`) VALUES
(8, 'G-BIO', 'products\\March2019\\LVi4vVS08sZbKfJbYQjX.jpeg', 'Продукт, обеспечивающий высокое качество жизни человека', '<div class=\"col-md-12\" style=\"margin-top: 20px;\">\r\n<div class=\"col-xs-12\">\r\n<ul class=\"nav nav-tabs tab-list\">\r\n<li class=\"active\"><a class=\"active show\" href=\"#detail\" data-toggle=\"tab\">Подробное описание</a></li>\r\n<li><a href=\"#pimen\" data-toggle=\"tab\">Применение</a></li>\r\n<li><a href=\"#sostav\" data-toggle=\"tab\">Теория и экспериментальная база</a></li>\r\n<li><a href=\"#in_sostav\" data-toggle=\"tab\">Состав</a></li>\r\n<li><a href=\"#otzyv\" data-toggle=\"tab\">Отзывы</a></li>\r\n</ul>\r\n<div class=\"tab-content\">\r\n<div id=\"detail\" class=\"tab-pane active\"><a class=\"fancybox img-container float-left\" href=\"app/pages/static/img/bio1.jpg\"><img class=\"img-responsive fr-fic fr-dii\" src=\"app/pages/static/img/bio1.jpg\" alt=\"\" /></a>\r\n<p class=\"tab-pane\"><span>Все заболевания начинаются с изменений водных структур мембран клеток. Дефекты мембран создают условия для проникновения во внутреннюю среду клеток, вирусов, бактерий и токсинов. Мы испытываем стресс и ежедневно теряем колоссальное количество антиэнтропийной энергии, которая не успевает восстанавливаться.&nbsp;</span><br /><span>Кроме того, на нас действует природные, космические, геофизические факторы. На солнце возникают вспышки плазмы в виде длинных плазменных &laquo;языков&raquo;. Они создают избыточную ионизацию в атмосфере земли и электромагнитные вихри, которые негативно влияют на наши тонкие водные структуры, а также на плазменные структуры связанные с ними.&nbsp;</span><br /><span>В результате наша иммунная система слабеет. Щит, который оберегает наш организм от вирусов и бактерий, теряет свою целостность. Вирусы находят лазейку в щите, просачиваются внутрь клетки и разрушают ее структуру. В работе организма происходит сбой, клетка получает дефект и перестает работать правильно. В итоге развивается болезнь, нарушаются важные в работе организма процессы.&nbsp;</span><br /><span>Принцип воздействия БИОТЕРМАЛЬНОГО КОМПЛЕКСА G-BIO на организм человека, реализуется именно через кластеры гидроплазмы, что позволяет быстро восстанавливать биоэнергетическую структуру клеток. Впервые в мировой практике создан эксклюзивный гидропродукт способный увеличивать антиэнтропийный потенциал нашего организма, что способствует его быстрому выздоровлению и укреплению здоровья.&nbsp;</span><br /><br /><br /><a class=\"fancybox img-container float-right\" href=\"app/pages/static/img/bio2.jpg\"><img class=\"img-responsive fr-fic fr-dii\" src=\"app/pages/static/img/bio2.jpg\" alt=\"\" /></a> <strong><span>БИОТЕРМАЛЬНЫЙ КОМПЛЕКС G-BIO</span></strong><span>&nbsp;возвращает человеку яркость и полноту жизни, драгоценное здоровье, красоту и энергию, благодаря восстановлению антиэнтропийного состояния организма через его водные структуры. &nbsp;</span><br /><br /><span>БИОТЕРМАЛЬНЫЙ КОМПЛЕКС предназначен для:&nbsp;</span></p>\r\n<ul class=\"check-list\">\r\n<li class=\"tab-pane active\"><span>Ликвидации аллергической зависимости у детей и других возрастных групп&nbsp;</span></li>\r\n<li class=\"tab-pane active\"><span>Увеличения на 20-25 % эффективного функционирования клеточных мембран за счет их гидрофилизаций многомерной гидроплазмы</span></li>\r\n<li class=\"tab-pane active\"><span>Нормализации обмена веществ в пожилом и старческом возрасте, в результате продлевается жизнь человека на 15-20 %</span></li>\r\n<li class=\"tab-pane active\"><span>Профилактики и ликвидации последствий псистрессов у населения в случае длительного применения, в том числе и в детском возрасте&nbsp;</span></li>\r\n<li class=\"tab-pane active\"><span>Иммуномодуляции</span></li>\r\n</ul>\r\n<p class=\"tab-pane\"><br /><span><span><span>&nbsp; &nbsp; &nbsp; &nbsp;&nbsp;</span></span>&nbsp;</span><strong><span>БИОТЕРМАЛЬНЫЙ КОМПЛЕКС&nbsp;</span></strong><strong><span>G-BIO</span></strong><span>&nbsp;эффективно защищает нас от низко</span><span>интенсивных электромагнитных излучений (ЭМИ) сотовых телефонов и компьютеров, а также радиоактивных излучений изотопов плутония, стронция и других, которыми загрязнены огромные площади земного шара.</span><br /><br /><span>Продукт, который не имеет аналогов в мировой практике, создан в Казахстане, эксклюзивно для компании</span><strong><span>&nbsp;&laquo;IMAGINE PEOPLE&raquo;.&nbsp;</span></strong></p>\r\n<div class=\"tab-pane active\">&nbsp;</div>\r\n<p align=\"center\"><strong>ВОДА ДЛЯ ЖИЗНИ - даёт БЕЗУПРЕЧНОЕ ПРЕИМУЩЕСТВО в КАЧЕСТВЕ ЖИЗНИ!</strong></p>\r\n</div>\r\n<div id=\"pokaz\" class=\"tab-pane\">&nbsp;\r\n<p>&nbsp;</p>\r\n</div>\r\n<div id=\"pimen\" class=\"tab-pane\"><a class=\"fancybox img-container float-right\" href=\"app/pages/static/img/bio3.jpg\"><img class=\"img-responsive fr-fic fr-dii\" src=\"app/pages/static/img/bio3.jpg\" alt=\"\" /></a>\r\n<p><span>&nbsp; &nbsp; &nbsp;Спрей-флакон с <strong>БИОТЕРМАЛЬНЫМ КОМПЛЕКСОМ G-BIO</strong> (температура не менее 20-250&deg;С и не более +370&deg;С) поднести на расстоянии 5-10 см от поверхности кожи и распылить порцию биотермальной воды на область поражения сыпью или другими кожными проявлениями. Длительность импульса составляет порядок от 1/10 секунды до 3/10. Обычно на поверхность наносится 3-5 импульсов с промежутками от 2-х до 3-х секунд. После чего происходит процесс ассимиляции (усвоение) биотермальных водных структур рецепторной и капиллярной сетью кожной поверхности или рефлексогенных зон. Через 3-5 минут перерыва можно переходить к обработке других зон. <br /><br />&nbsp; &nbsp; &nbsp; Также обработке <strong>БИОТЕРМАЛЬНЫМ КОМПЛЕКСОМ G-BIO</strong>&nbsp; подвергаются суставы, как подколенная часть, так и лобная часть, вся подошвенная зона левой и правой ноги, крестец. За 1 сеанс обрабатывается не более 7 зон. Избыточная обработка более чем 7 зон ухудшает качество эффективности процедур. Длительность курса составляет не менее 10-15 дней. При хронических заболеваниях суставов, кожи, нейродермитов и других - курс продлевается от 30 до 40 дней. После чего делается перерыв 20-30 дней и курс повторяется. В течение года пациент может получить 3-4 курса для борьбы с хроническими болезнями суставов, кожи, имеющих аутоиммунную природу. <br /><br /><a class=\"fancybox img-container float-left\" href=\"app/pages/static/img/bio4.jpg\"><img class=\"img-responsive fr-fic fr-dii\" src=\"app/pages/static/img/bio4.jpg\" alt=\"\" /></a> <strong>&nbsp; &nbsp;<br />&nbsp; БИОТЕРМАЛЬНЫЙ КОМПЛЕКС G-BIO</strong> можно использовать для борьбы с артозными язвами стоматита в ротовой полости, по схеме: перед едой 2-3 импульса утром и вечером. Перерыв между курсами 10 дней. Количество курсов не менее 2-3 в год. А при наличии хронического стоматита количества курсов может быть 12-15. Перерыв между курсами 10-15 дней.&nbsp;</span><br /><br /><span>&nbsp; &nbsp; &nbsp;Для проведения профилактики БИОТЕРМАЛЬНЫЙ КОМПЛЕКС G-BIO можно использовать на энергетические зоны человека (так называемые чакры), начиная с головы. Наносить по 2-3 импульса, с промежутком в 3 секунды на каждую зону.&nbsp;</span><br />&nbsp;</p>\r\n<p>&nbsp;</p>\r\n</div>\r\n<div id=\"sostav\" class=\"tab-pane\"><a class=\"fancybox img-container float-left\" href=\"app/pages/static/img/bio5.jpg\"><img class=\"img-responsive fr-fic fr-dii\" src=\"app/pages/static/img/bio5.jpg\" alt=\"\" /></a>\r\n<p><strong><span>&nbsp; &nbsp; &nbsp;БИОТЕРМАЛЬНЫЙ КОМПЛЕКС G-BIO</span></strong><span>&nbsp;восстанавливает межклеточные связи, трансформирует тепловые волны, обогащая клетку различными видами энергий. Речь идет о резонансном поглощении строго определенных частот инфракрасного (теплового) излучения. Именно из таких волн и тепловых фононов строится очень тонкая и нежная структура, которая позволяет повысить эффективность координации бесчисленных колебательных процессов в живом организме. Нарушения теплового режима ведет к очень тяжелым последствиям для организма, так как нарушается координация всей многомерной колебательной системы.&nbsp;</span><br /><span>Продукт объединяет в себе систему векторов, которые соответствуют номерам &mdash; №3, №5, №7.&nbsp;</span><br /><br /><br /><a class=\"fancybox img-container float-right\" href=\"app/pages/static/img/bio6.jpg\"><img class=\"img-responsive fr-fic fr-dii\" src=\"app/pages/static/img/bio6.jpg\" alt=\"\" /></a> <span>&nbsp; &nbsp;<br />&nbsp; <strong>БИОТЕРМАЛЬНЫЙ КОМПЛЕКС G-BIO</strong> оказывает воздействие на клетку в биопространстве. Мембраны клеток имеют многовекторную сложную структуру.&nbsp;</span><br /><br /><span><strong>№3</strong> действует в трехмерной векторной системе.&nbsp;</span><br /><span>Он начинает основную работу по восстановлению, готовит фундамент для большой и масштабной работы по &laquo;оздоровлению&raquo; клетки.&nbsp;</span><br /><br /><span><strong>№5</strong> с пяти векторной системой действия, имеет более сложную структуру и более широкий спектр действия.&nbsp;</span><br /><br /><span><strong>№7</strong> с семи векторной системой воздействия, подключает к работе спинальные, дополнительные векторы. &nbsp;</span><br /><br /><span>&nbsp; &nbsp; &nbsp;Это ступеньки, по которым вы поднимаетесь от профилактики болезней до высокоэффективных мер по восстановлению и регенерации всех его систем.&nbsp;</span><span>Путем соединения гидроплазмы WFL и композита №3, №5 и №7 получен высокоэффективный <strong>БИОТЕРМАЛЬНЫЙ КОМПЛЕКС G-BIO</strong>, который резко усиливает свою активность при поглощении инфракрасного излучения в области 1000 микрон, что дает возможность регулировать интенсивность тех или иных процессов, необходимых для того или иного клиента.&nbsp;</span><br /><br /><a class=\"fancybox img-container float-left\" href=\"app/pages/static/img/bio7.jpg\"><img class=\"img-responsive fr-fic fr-dii\" src=\"app/pages/static/img/bio7.jpg\" alt=\"\" /></a> <strong><span>&nbsp; &nbsp; БИОТЕРМАЛЬНЫЙ КОМПЛЕКС G-BIO</span></strong><span>&nbsp;возвращает человеку яркость и полноту жизни, драгоценное здоровье, красоту и энергию, благодаря восстановлению антиэнтропийного состояния организма через его водные структуры. &nbsp;</span><br /><br /><span>&nbsp; &nbsp; &nbsp;Стабильный эффект был доказан на взвеси эритроцитов крови человека, которые повышались на 20-30 % при ассимиляции с гидроплазмой. Следовательно, люди, которые употребляют средство в виде смачивания слизистой носа и языка, при закапывании в глаза, а также при протирке кожной поверхности лица и ушных раковин, &nbsp;создают тот фундамент, на котором строится крепкое здоровья, активная полноценная жизнь, даже в возрасте 70-90 лет и более.&nbsp;</span></p>\r\n<p>&nbsp;</p>\r\n</div>\r\n<div id=\"in_sostav\" class=\"tab-pane\">\r\n<div class=\"comment-text\">\r\n<p>Основа - Гидроплазма &nbsp; (пятое состояние вещества, имеющееся в воде с многомерными &nbsp; &nbsp; &nbsp; &nbsp; &nbsp; &nbsp; &nbsp; &nbsp; &nbsp; &nbsp; &nbsp;изомерами кластеров)</p>\r\n<p>Ионы флавоноидной группы в малой концентрации, выдержанные особым методом в воде с высокой активностью, предварительно обработанной лазером.</p>\r\n<p>Двухвалентные катионы кальция и магния в микродозах (субмикроэлементы), взятые особым путем из разных видов природных солей (в основном карловарская)</p>\r\n<p>Устойчивый термосенсибилизатор из минералов малахитового ряда в микродозах.</p>\r\n<p>Имеет светло зеленоватый цвет и солоноватый вкус. Осадок допускается.</p>\r\n</div>\r\n</div>\r\n<div id=\"otzyv\" class=\"tab-pane\">\r\n<div class=\"comment-text\">\r\n<p>&nbsp; &nbsp; &nbsp;Отзывов пока нет, но скоро они появятся!</p>\r\n</div>\r\n<p>&nbsp;</p>\r\n</div>\r\n</div>\r\n</div>\r\n</div>', 65, 25, '2019-03-01 05:39:53', '2019-03-01 05:39:53', NULL, 0);

-- --------------------------------------------------------

--
-- Структура таблицы `roles`
--

CREATE TABLE `roles` (
  `id` int(10) UNSIGNED NOT NULL,
  `name` varchar(191) COLLATE utf8mb4_unicode_ci NOT NULL,
  `display_name` varchar(191) COLLATE utf8mb4_unicode_ci NOT NULL,
  `created_at` timestamp NULL DEFAULT NULL,
  `updated_at` timestamp NULL DEFAULT NULL
) ENGINE=InnoDB DEFAULT CHARSET=utf8mb4 COLLATE=utf8mb4_unicode_ci;

--
-- Дамп данных таблицы `roles`
--

INSERT INTO `roles` (`id`, `name`, `display_name`, `created_at`, `updated_at`) VALUES
(1, 'admin', 'Administrator', '2019-02-12 22:59:27', '2019-02-12 22:59:27'),
(2, 'user', 'Normal User', '2019-02-12 22:59:27', '2019-02-12 22:59:27');

-- --------------------------------------------------------

--
-- Структура таблицы `settings`
--

CREATE TABLE `settings` (
  `id` int(10) UNSIGNED NOT NULL,
  `key` varchar(191) COLLATE utf8mb4_unicode_ci NOT NULL,
  `display_name` varchar(191) COLLATE utf8mb4_unicode_ci NOT NULL,
  `value` text COLLATE utf8mb4_unicode_ci,
  `details` text COLLATE utf8mb4_unicode_ci,
  `type` varchar(191) COLLATE utf8mb4_unicode_ci NOT NULL,
  `order` int(11) NOT NULL DEFAULT '1',
  `group` varchar(191) COLLATE utf8mb4_unicode_ci DEFAULT NULL
) ENGINE=InnoDB DEFAULT CHARSET=utf8mb4 COLLATE=utf8mb4_unicode_ci;

--
-- Дамп данных таблицы `settings`
--

INSERT INTO `settings` (`id`, `key`, `display_name`, `value`, `details`, `type`, `order`, `group`) VALUES
(5, 'admin.bg_image', 'Admin Background Image', '', '', 'image', 5, 'Admin'),
(6, 'admin.title', 'Admin Title', 'IP ONE', '', 'text', 1, 'Admin'),
(7, 'admin.description', 'Admin Description', 'Welcome!', '', 'text', 2, 'Admin'),
(8, 'admin.loader', 'Admin Loader', '', '', 'image', 3, 'Admin'),
(9, 'admin.icon_image', 'Admin Icon Image', '', '', 'image', 4, 'Admin'),
(10, 'admin.google_analytics_client_id', 'Google Analytics Client ID (used for admin dashboard)', NULL, '', 'text', 1, 'Admin'),
(11, 'site.address', 'Адрес', 'Москва, Россия', NULL, 'text', 1, 'Site'),
(12, 'site.email', 'Почта', 'email@example.com', NULL, 'text', 7, 'Site'),
(13, 'site.phone', 'Телефон', '+7(929)789-79-46', NULL, 'text', 8, 'Site');

-- --------------------------------------------------------

--
-- Структура таблицы `sliders`
--

CREATE TABLE `sliders` (
  `id` int(10) UNSIGNED NOT NULL,
  `slider_id` int(11) DEFAULT NULL,
  `image` varchar(100) COLLATE utf8mb4_unicode_ci DEFAULT NULL,
  `title` varchar(100) COLLATE utf8mb4_unicode_ci DEFAULT NULL,
  `description` text COLLATE utf8mb4_unicode_ci,
  `link` varchar(100) COLLATE utf8mb4_unicode_ci DEFAULT NULL,
  `created_at` timestamp NULL DEFAULT NULL,
  `updated_at` timestamp NULL DEFAULT NULL,
  `deleted_at` timestamp NULL DEFAULT NULL
) ENGINE=InnoDB DEFAULT CHARSET=utf8mb4 COLLATE=utf8mb4_unicode_ci;

--
-- Дамп данных таблицы `sliders`
--

INSERT INTO `sliders` (`id`, `slider_id`, `image`, `title`, `description`, `link`, `created_at`, `updated_at`, `deleted_at`) VALUES
(7, 1, 'sliders\\February2019\\ghSDoGMeBmB3FZ6vhvRd.png', 'WATER FOR LIFE', '<p>продлевает жизнь,</p>\r\n<p>замедляет процессы старения,</p>\r\n<p>улучшает состояние клеточных мембран</p>', NULL, '2019-02-20 04:59:10', '2019-02-20 04:59:10', NULL);

-- --------------------------------------------------------

--
-- Структура таблицы `stocks`
--

CREATE TABLE `stocks` (
  `id` int(10) UNSIGNED NOT NULL,
  `title` varchar(255) COLLATE utf8mb4_unicode_ci DEFAULT NULL,
  `date` date DEFAULT NULL,
  `img` varchar(255) COLLATE utf8mb4_unicode_ci DEFAULT NULL,
  `mini_description` text COLLATE utf8mb4_unicode_ci,
  `text` text COLLATE utf8mb4_unicode_ci,
  `created_at` timestamp NULL DEFAULT NULL,
  `updated_at` timestamp NULL DEFAULT NULL,
  `deleted_at` timestamp NULL DEFAULT NULL
) ENGINE=InnoDB DEFAULT CHARSET=utf8mb4 COLLATE=utf8mb4_unicode_ci;

--
-- Дамп данных таблицы `stocks`
--

INSERT INTO `stocks` (`id`, `title`, `date`, `img`, `mini_description`, `text`, `created_at`, `updated_at`, `deleted_at`) VALUES
(1, 'АКЦИИ МАРТА', '2019-03-01', 'stocks\\March2019\\TIbLjZpwGLR5XxlFmhE4.jpeg', 'Мы открываем возможность предварительной регистрации партнеров для получения возможности первыми встать в структуру нашей компании и получить дополнительные возможности к заработку!', '<div>\r\n<p style=\"text-align: center;\"><span style=\"font-family: Arial, Helvetica, sans-serif; font-size: 18px; color: #475577;\">Уважаемые партнеры!</span></p>\r\n<p style=\"text-align: center;\"><span style=\"color: #475577;\"><span style=\"font-size: 18px;\"><span style=\"font-family: Arial,Helvetica,sans-serif;\">Поздравляем Вас с началом весны, пусть это время станет временем перемен, светлых эмоций и свежих идей! А весна непременно даст сил на реализацию всего, что задумано. А мы подготовили для вас следующие акции:</span></span></span></p>\r\n<ul>\r\n<li><span style=\"color: #475577;\"><span style=\"font-size: 18px;\"><span style=\"font-family: Arial,Helvetica,sans-serif;\"><strong>1. Скидка на Монокейсы Absolute Energy box и G-bio box продолжается.&nbsp;</strong>Период действия акции с 01 по 31 марта (включительно).</span></span></span></li>\r\n</ul>\r\n<p><span style=\"color: #475577;\"><span style=\"font-size: 18px;\"><span style=\"font-family: Arial,Helvetica,sans-serif;\">&nbsp; &nbsp; &nbsp; &nbsp; &nbsp; &nbsp; &nbsp; &nbsp; &nbsp; &nbsp; &nbsp; &nbsp; &nbsp; &nbsp; &nbsp; &nbsp; &nbsp; &nbsp; &nbsp; &nbsp; &nbsp; &nbsp; &nbsp; &nbsp; &nbsp;стоимость <strong>Монокейса Absolute Energy box всего 320 у.е, кол-во баллов 120,&nbsp;</strong></span></span></span></p>\r\n<p><span style=\"color: #475577;\"><span style=\"font-size: 18px;\"><span style=\"font-family: Arial,Helvetica,sans-serif;\">&nbsp; &nbsp; &nbsp; &nbsp; &nbsp; &nbsp; &nbsp; &nbsp; &nbsp; &nbsp; &nbsp; &nbsp; &nbsp; &nbsp; &nbsp; &nbsp; &nbsp; &nbsp; &nbsp; &nbsp; &nbsp; &nbsp; &nbsp; &nbsp; &nbsp;стоимость <strong>Монокейса G-bio box всего 200 у.е., кол-во баллов 75. &nbsp;</strong></span></span></span></p>\r\n<ul>\r\n<li><span style=\"color: #475577;\"><span style=\"font-size: 18px;\"><span style=\"font-family: Arial,Helvetica,sans-serif;\">Спешите приобрести! Акция действительна для всех партнеров!</span></span></span></li>\r\n<li><span style=\"color: #475577;\"><span style=\"font-size: 18px;\"><span style=\"font-family: Arial,Helvetica,sans-serif;\">&nbsp;</span></span></span></li>\r\n</ul>\r\n<p><span style=\"color: #475577;\"><span style=\"font-size: 18px;\"><span style=\"font-family: Arial,Helvetica,sans-serif;\"><strong>2. Акция \"Подарок при регистрации\".&nbsp;</strong>Период действия акции с 01 по 31 марта (включительно).</span></span></span></p>\r\n<p><span style=\"color: #475577;\"><span style=\"font-size: 18px;\"><span style=\"font-family: Arial,Helvetica,sans-serif;\">При регистрации компания дарит новым партнерам подарки!&nbsp;</span></span></span></p>\r\n<p><span style=\"color: #475577;\"><span style=\"font-size: 18px;\"><span style=\"font-family: Arial,Helvetica,sans-serif;\">на пакет \"Старт\" партнер получает в подарок 1 Alfa ДГК</span></span></span></p>\r\n<p><span style=\"color: #475577;\"><span style=\"font-size: 18px;\"><span style=\"font-family: Arial,Helvetica,sans-serif;\">на пакет \"Профессионал\" партнер получает в подарок 3 Water for life и 1 Alfa ДГК</span></span></span></p>\r\n<p><span style=\"color: #475577;\"><span style=\"font-size: 18px;\"><span style=\"font-family: Arial,Helvetica,sans-serif;\">на пакет \"Мега\" партнер получает в подарок 6 Water for life и 2 Alfa ДГК</span></span></span></p>\r\n<p><span style=\"color: #475577;\"><span style=\"font-size: 18px;\"><span style=\"font-family: Arial,Helvetica,sans-serif;\">3. И специально к весеннему празднику мы запускаем акцию \"3+1\"! Период действия акции с 01 по 10 марта (включительно).</span></span></span></p>\r\n<p><span style=\"color: #475577;\"><span style=\"font-size: 18px;\"><span style=\"font-family: Arial,Helvetica,sans-serif;\">При покупке 3-х любых продуктов компании, четвертый получаете в подарок!</span></span></span></p>\r\n<p><span style=\"color: #475577;\"><span style=\"font-size: 18px;\"><span style=\"font-family: Arial,Helvetica,sans-serif;\"><strong>4. Продолжается акция \"Комплекс функционального питания в подарок!\"&nbsp;</strong><strong>Период действия акции с 01 февраля по 30 апреля.</strong></span></span></span></p>\r\n<ul>\r\n<li><span style=\"color: #475577;\"><span style=\"font-size: 18px;\"><span style=\"font-family: Arial,Helvetica,sans-serif;\">Выполните следующие условия и получите новинку от компании \"Комплекс функционального питания\" в подарок:</span></span></span></li>\r\n</ul>\r\n<p><span style=\"color: #475577;\"><span style=\"font-size: 18px;\"><span style=\"font-family: Arial,Helvetica,sans-serif;\">&nbsp; &nbsp; &nbsp; &nbsp; &nbsp; &nbsp; &nbsp;заказы на 100 баллов и более с 01 по 28 февраля&nbsp;</span></span></span></p>\r\n<p><span style=\"color: #475577;\"><span style=\"font-size: 18px;\"><span style=\"font-family: Arial,Helvetica,sans-serif;\">&nbsp; &nbsp; &nbsp; &nbsp; &nbsp; &nbsp; &nbsp;заказы на 100 баллов и более с 01 по 31 марта</span></span></span></p>\r\n<p><span style=\"color: #475577;\"><span style=\"font-size: 18px;\"><span style=\"font-family: Arial,Helvetica,sans-serif;\">&nbsp; &nbsp; &nbsp; &nbsp; &nbsp; &nbsp; &nbsp;заказы на 100 баллов и более с 01 по 30 апреля&nbsp;</span></span></span></p>\r\n<ul>\r\n<li><span style=\"color: #475577;\"><span style=\"font-size: 18px;\"><span style=\"font-family: Arial,Helvetica,sans-serif;\">Заказы могут быть накопительными в течение месяца, но обязательно в каждом месяце действия акции личный объем должен быть не менее 100 баллов.</span></span></span></li>\r\n<li><span style=\"color: #475577;\"><span style=\"font-size: 18px;\"><span style=\"font-family: Arial,Helvetica,sans-serif;\">Акция действует на каждые 100 баллов, выполненные в течение месяца. Например, если партнер выполняет по 200 баллов личного объема в каждом месяце действия акция, то он получает в подарок 2 комплекса функционального питания в подарок. Подарки выдаются после окончания акции.&nbsp;</span></span></span></li>\r\n<li><span style=\"color: #475577;\"><span style=\"font-size: 18px;\"><span style=\"font-family: Arial,Helvetica,sans-serif;\">В акции могут участвовать все активные партнеры, также партнеры сделавшие апгрейд.</span></span></span></li>\r\n<li><span style=\"color: #475577;\"><span style=\"font-size: 18px;\"><span style=\"font-family: Arial,Helvetica,sans-serif;\">&nbsp;</span></span></span></li>\r\n<li><span style=\"color: #475577;\"><span style=\"font-size: 18px;\"><span style=\"font-family: Arial,Helvetica,sans-serif;\"><strong>Бонус!</strong> При выполнении личного объема на каждые 100 баллов в любом месяце действия акции партнер дополнительно получает 1 тоник для глаз \"W nature\" в подарок! Например, если партнер выполняет по 200 баллов личного объема в любом месяце действия акция, то он получает 2 тоника для глаз \"W nature\" в подарок.&nbsp;</span></span></span></li>\r\n<li><span style=\"color: #475577;\"><span style=\"font-size: 18px;\"><span style=\"font-family: Arial,Helvetica,sans-serif;\">&nbsp;</span></span></span></li>\r\n<li><span style=\"color: #475577;\"><span style=\"font-size: 18px;\"><span style=\"font-family: Arial,Helvetica,sans-serif;\"><strong>5. Так же обращаем ваше внимание, что в марте нет в продаже подарочных наборов №1,2,3,4.</strong></span></span></span></li>\r\n<li><span style=\"color: #475577;\"><span style=\"font-size: 18px;\"><span style=\"font-family: Arial,Helvetica,sans-serif;\">&nbsp;</span></span></span></li>\r\n<li><span style=\"font-family: Arial, Helvetica, sans-serif; font-size: 18px; color: #475577;\">С уважением, Администрация \"IMAGINE PEOPLE\"</span></li>\r\n</ul>\r\n</div>', '2019-02-28 02:36:37', '2019-03-01 05:41:22', NULL);

-- --------------------------------------------------------

--
-- Структура таблицы `translations`
--

CREATE TABLE `translations` (
  `id` int(10) UNSIGNED NOT NULL,
  `table_name` varchar(191) COLLATE utf8mb4_unicode_ci NOT NULL,
  `column_name` varchar(191) COLLATE utf8mb4_unicode_ci NOT NULL,
  `foreign_key` int(10) UNSIGNED NOT NULL,
  `locale` varchar(191) COLLATE utf8mb4_unicode_ci NOT NULL,
  `value` text COLLATE utf8mb4_unicode_ci NOT NULL,
  `created_at` timestamp NULL DEFAULT NULL,
  `updated_at` timestamp NULL DEFAULT NULL
) ENGINE=InnoDB DEFAULT CHARSET=utf8mb4 COLLATE=utf8mb4_unicode_ci;

--
-- Дамп данных таблицы `translations`
--

INSERT INTO `translations` (`id`, `table_name`, `column_name`, `foreign_key`, `locale`, `value`, `created_at`, `updated_at`) VALUES
(1, 'data_types', 'display_name_singular', 8, 'en', 'Slider', '2019-02-13 03:03:43', '2019-02-13 03:03:43'),
(2, 'data_types', 'display_name_singular', 8, 'cn', '', '2019-02-13 03:03:43', '2019-02-13 03:03:43'),
(3, 'data_types', 'display_name_plural', 8, 'en', 'Sliders', '2019-02-13 03:03:43', '2019-02-13 03:03:43'),
(4, 'data_types', 'display_name_plural', 8, 'cn', '', '2019-02-13 03:03:43', '2019-02-13 03:03:43'),
(5, 'menu_items', 'title', 17, 'en', 'Sliders', '2019-02-13 03:05:11', '2019-02-13 03:05:11'),
(6, 'menu_items', 'title', 17, 'cn', '', '2019-02-13 03:05:11', '2019-02-13 03:05:11'),
(7, 'sliders', 'title', 2, 'en', 'asdf', '2019-02-13 03:08:53', '2019-02-13 03:50:39'),
(8, 'sliders', 'title', 2, 'cn', '', '2019-02-13 03:08:53', '2019-02-13 03:08:53'),
(9, 'sliders', 'description', 2, 'en', '<p>asdfasdf</p>', '2019-02-13 03:08:53', '2019-02-13 03:50:39'),
(10, 'sliders', 'description', 2, 'cn', '', '2019-02-13 03:08:53', '2019-02-13 03:08:53'),
(11, 'sliders', 'title', 3, 'en', '', '2019-02-13 04:25:21', '2019-02-13 04:25:21'),
(12, 'sliders', 'title', 3, 'cn', '', '2019-02-13 04:25:21', '2019-02-13 04:25:21'),
(13, 'sliders', 'description', 3, 'en', '', '2019-02-13 04:25:21', '2019-02-13 04:25:21'),
(14, 'sliders', 'description', 3, 'cn', '', '2019-02-13 04:25:21', '2019-02-13 04:25:21'),
(15, 'menu_items', 'title', 20, 'en', '', '2019-02-13 04:41:57', '2019-02-13 04:41:57'),
(16, 'menu_items', 'title', 20, 'cn', '', '2019-02-13 04:41:57', '2019-02-13 04:41:57'),
(17, 'menu_items', 'title', 21, 'en', '', '2019-02-13 04:42:31', '2019-02-13 04:42:31'),
(18, 'menu_items', 'title', 21, 'cn', '', '2019-02-13 04:42:31', '2019-02-13 04:42:31'),
(19, 'menu_items', 'title', 22, 'en', '', '2019-02-13 04:42:47', '2019-02-13 04:42:47'),
(20, 'menu_items', 'title', 22, 'cn', '', '2019-02-13 04:42:47', '2019-02-13 04:42:47'),
(21, 'menu_items', 'title', 23, 'en', '', '2019-02-13 04:43:04', '2019-02-13 04:43:04'),
(22, 'menu_items', 'title', 23, 'cn', '', '2019-02-13 04:43:04', '2019-02-13 04:43:04'),
(23, 'menu_items', 'title', 24, 'en', '', '2019-02-13 04:43:27', '2019-02-13 04:43:27'),
(24, 'menu_items', 'title', 24, 'cn', '', '2019-02-13 04:43:27', '2019-02-13 04:43:27'),
(25, 'menu_items', 'title', 25, 'en', '', '2019-02-13 04:43:44', '2019-02-13 04:43:44'),
(26, 'menu_items', 'title', 25, 'cn', '', '2019-02-13 04:43:44', '2019-02-13 04:43:44'),
(27, 'menu_items', 'title', 2, 'en', 'Media', '2019-02-15 04:59:14', '2019-02-15 04:59:14'),
(28, 'menu_items', 'title', 2, 'cn', '', '2019-02-15 04:59:14', '2019-02-15 04:59:14'),
(29, 'menu_items', 'title', 10, 'en', 'Settings', '2019-02-15 04:59:27', '2019-02-15 04:59:27'),
(30, 'menu_items', 'title', 10, 'cn', '', '2019-02-15 04:59:27', '2019-02-15 04:59:27'),
(31, 'data_types', 'display_name_singular', 10, 'en', 'Новость', '2019-02-15 05:13:50', '2019-02-15 05:13:50'),
(32, 'data_types', 'display_name_singular', 10, 'cn', '', '2019-02-15 05:13:50', '2019-02-15 05:13:50'),
(33, 'data_types', 'display_name_plural', 10, 'en', 'Новости', '2019-02-15 05:13:50', '2019-02-15 05:13:50'),
(34, 'data_types', 'display_name_plural', 10, 'cn', '', '2019-02-15 05:13:50', '2019-02-15 05:13:50'),
(35, 'sliders', 'title', 5, 'en', 'Готовый бизнес', '2019-02-18 03:09:46', '2019-02-18 03:09:46'),
(36, 'sliders', 'description', 5, 'en', '<p>Спешите успеть заработать вместе с нами! для первых 1000 партнеров открываются уникальные возможности!</p>', '2019-02-18 03:09:46', '2019-02-18 03:09:46'),
(37, 'sliders', 'title', 6, 'en', '', '2019-02-18 03:20:08', '2019-02-18 03:20:08'),
(38, 'sliders', 'description', 6, 'en', '', '2019-02-18 03:20:08', '2019-02-18 03:20:08'),
(39, 'data_types', 'display_name_singular', 11, 'en', 'Контент', '2019-02-18 23:14:11', '2019-02-18 23:14:11'),
(40, 'data_types', 'display_name_plural', 11, 'en', 'Контент', '2019-02-18 23:14:11', '2019-02-18 23:14:11'),
(41, 'contents', 'name', 1, 'en', '', '2019-02-18 23:14:21', '2019-02-18 23:14:21'),
(42, 'contents', 'content', 1, 'en', '', '2019-02-18 23:14:21', '2019-02-18 23:14:21'),
(43, 'menu_items', 'title', 6, 'en', 'Menu Builder', '2019-02-18 23:42:46', '2019-02-18 23:42:46'),
(44, 'menu_items', 'title', 29, 'en', '', '2019-02-18 23:43:33', '2019-02-18 23:43:33'),
(45, 'menu_items', 'title', 30, 'en', '', '2019-02-18 23:43:59', '2019-02-18 23:43:59'),
(47, 'menu_items', 'title', 32, 'en', '', '2019-02-18 23:44:17', '2019-02-18 23:44:17'),
(50, 'contents', 'name', 2, 'en', '', '2019-02-19 00:22:08', '2019-02-19 00:22:08'),
(51, 'contents', 'content', 2, 'en', '', '2019-02-19 00:22:08', '2019-02-19 00:22:08'),
(52, 'menu_items', 'title', 35, 'en', '', '2019-02-19 00:23:50', '2019-02-19 00:23:50'),
(53, 'contents', 'name', 3, 'en', '', '2019-02-19 01:48:00', '2019-02-19 01:48:00'),
(54, 'contents', 'content', 3, 'en', '', '2019-02-19 01:48:00', '2019-02-19 01:48:00'),
(56, 'news', 'title', 1, 'en', '', '2019-02-19 02:19:34', '2019-02-19 02:19:34'),
(57, 'news', 'mini_description', 1, 'en', '', '2019-02-19 02:19:34', '2019-02-19 02:19:34'),
(58, 'news', 'text', 1, 'en', '', '2019-02-19 02:19:34', '2019-02-19 02:19:34'),
(59, 'products', 'name', 1, 'en', '', '2019-02-19 03:22:01', '2019-02-19 03:22:01'),
(60, 'products', 'mini_description', 1, 'en', '', '2019-02-19 03:22:01', '2019-02-19 03:22:01'),
(61, 'products', 'description', 1, 'en', '', '2019-02-19 03:22:01', '2019-02-19 03:22:01'),
(62, 'data_types', 'display_name_singular', 9, 'en', 'Продукт', '2019-02-19 03:24:05', '2019-02-19 03:24:05'),
(63, 'data_types', 'display_name_plural', 9, 'en', 'Продукты', '2019-02-19 03:24:05', '2019-02-19 03:24:05');

-- --------------------------------------------------------

--
-- Структура таблицы `users`
--

CREATE TABLE `users` (
  `id` int(10) UNSIGNED NOT NULL,
  `role_id` int(10) UNSIGNED DEFAULT NULL,
  `name` varchar(191) COLLATE utf8mb4_unicode_ci NOT NULL,
  `email` varchar(191) COLLATE utf8mb4_unicode_ci NOT NULL,
  `avatar` varchar(191) COLLATE utf8mb4_unicode_ci DEFAULT 'users/default.png',
  `email_verified_at` timestamp NULL DEFAULT NULL,
  `password` varchar(191) COLLATE utf8mb4_unicode_ci NOT NULL,
  `remember_token` varchar(100) COLLATE utf8mb4_unicode_ci DEFAULT NULL,
  `settings` text COLLATE utf8mb4_unicode_ci,
  `created_at` timestamp NULL DEFAULT NULL,
  `updated_at` timestamp NULL DEFAULT NULL
) ENGINE=InnoDB DEFAULT CHARSET=utf8mb4 COLLATE=utf8mb4_unicode_ci;

--
-- Дамп данных таблицы `users`
--

INSERT INTO `users` (`id`, `role_id`, `name`, `email`, `avatar`, `email_verified_at`, `password`, `remember_token`, `settings`, `created_at`, `updated_at`) VALUES
(1, 1, 'godmanshot', 'godmanshot@gmail.com', 'users/default.png', NULL, '$2y$10$.4fbBHUwSEjkgijSWXgcf.3IDjRCk01re3ZYOiMJhX8GNwakHYEZK', NULL, '{\"locale\":\"ru\"}', '2019-02-12 23:09:00', '2019-02-13 03:05:46');

-- --------------------------------------------------------

--
-- Структура таблицы `user_roles`
--

CREATE TABLE `user_roles` (
  `user_id` int(10) UNSIGNED NOT NULL,
  `role_id` int(10) UNSIGNED NOT NULL
) ENGINE=InnoDB DEFAULT CHARSET=utf8mb4 COLLATE=utf8mb4_unicode_ci;

--
-- Индексы сохранённых таблиц
--

--
-- Индексы таблицы `contents`
--
ALTER TABLE `contents`
  ADD PRIMARY KEY (`id`),
  ADD KEY `contents_slug_index` (`slug`);

--
-- Индексы таблицы `data_rows`
--
ALTER TABLE `data_rows`
  ADD PRIMARY KEY (`id`),
  ADD KEY `data_rows_data_type_id_foreign` (`data_type_id`);

--
-- Индексы таблицы `data_types`
--
ALTER TABLE `data_types`
  ADD PRIMARY KEY (`id`),
  ADD UNIQUE KEY `data_types_name_unique` (`name`),
  ADD UNIQUE KEY `data_types_slug_unique` (`slug`);

--
-- Индексы таблицы `menus`
--
ALTER TABLE `menus`
  ADD PRIMARY KEY (`id`),
  ADD UNIQUE KEY `menus_name_unique` (`name`);

--
-- Индексы таблицы `menu_items`
--
ALTER TABLE `menu_items`
  ADD PRIMARY KEY (`id`),
  ADD KEY `menu_items_menu_id_foreign` (`menu_id`);

--
-- Индексы таблицы `migrations`
--
ALTER TABLE `migrations`
  ADD PRIMARY KEY (`id`);

--
-- Индексы таблицы `news`
--
ALTER TABLE `news`
  ADD PRIMARY KEY (`id`);

--
-- Индексы таблицы `password_resets`
--
ALTER TABLE `password_resets`
  ADD KEY `password_resets_email_index` (`email`);

--
-- Индексы таблицы `permissions`
--
ALTER TABLE `permissions`
  ADD PRIMARY KEY (`id`),
  ADD KEY `permissions_key_index` (`key`);

--
-- Индексы таблицы `permission_role`
--
ALTER TABLE `permission_role`
  ADD PRIMARY KEY (`permission_id`,`role_id`),
  ADD KEY `permission_role_permission_id_index` (`permission_id`),
  ADD KEY `permission_role_role_id_index` (`role_id`);

--
-- Индексы таблицы `products`
--
ALTER TABLE `products`
  ADD PRIMARY KEY (`id`);

--
-- Индексы таблицы `roles`
--
ALTER TABLE `roles`
  ADD PRIMARY KEY (`id`),
  ADD UNIQUE KEY `roles_name_unique` (`name`);

--
-- Индексы таблицы `settings`
--
ALTER TABLE `settings`
  ADD PRIMARY KEY (`id`),
  ADD UNIQUE KEY `settings_key_unique` (`key`);

--
-- Индексы таблицы `sliders`
--
ALTER TABLE `sliders`
  ADD PRIMARY KEY (`id`);

--
-- Индексы таблицы `stocks`
--
ALTER TABLE `stocks`
  ADD PRIMARY KEY (`id`);

--
-- Индексы таблицы `translations`
--
ALTER TABLE `translations`
  ADD PRIMARY KEY (`id`),
  ADD UNIQUE KEY `translations_table_name_column_name_foreign_key_locale_unique` (`table_name`,`column_name`,`foreign_key`,`locale`);

--
-- Индексы таблицы `users`
--
ALTER TABLE `users`
  ADD PRIMARY KEY (`id`),
  ADD UNIQUE KEY `users_email_unique` (`email`),
  ADD KEY `users_role_id_foreign` (`role_id`);

--
-- Индексы таблицы `user_roles`
--
ALTER TABLE `user_roles`
  ADD PRIMARY KEY (`user_id`,`role_id`),
  ADD KEY `user_roles_user_id_index` (`user_id`),
  ADD KEY `user_roles_role_id_index` (`role_id`);

--
-- AUTO_INCREMENT для сохранённых таблиц
--

--
-- AUTO_INCREMENT для таблицы `contents`
--
ALTER TABLE `contents`
  MODIFY `id` int(10) UNSIGNED NOT NULL AUTO_INCREMENT, AUTO_INCREMENT=4;

--
-- AUTO_INCREMENT для таблицы `data_rows`
--
ALTER TABLE `data_rows`
  MODIFY `id` int(10) UNSIGNED NOT NULL AUTO_INCREMENT, AUTO_INCREMENT=82;

--
-- AUTO_INCREMENT для таблицы `data_types`
--
ALTER TABLE `data_types`
  MODIFY `id` int(10) UNSIGNED NOT NULL AUTO_INCREMENT, AUTO_INCREMENT=13;

--
-- AUTO_INCREMENT для таблицы `menus`
--
ALTER TABLE `menus`
  MODIFY `id` int(10) UNSIGNED NOT NULL AUTO_INCREMENT, AUTO_INCREMENT=3;

--
-- AUTO_INCREMENT для таблицы `menu_items`
--
ALTER TABLE `menu_items`
  MODIFY `id` int(10) UNSIGNED NOT NULL AUTO_INCREMENT, AUTO_INCREMENT=41;

--
-- AUTO_INCREMENT для таблицы `migrations`
--
ALTER TABLE `migrations`
  MODIFY `id` int(10) UNSIGNED NOT NULL AUTO_INCREMENT, AUTO_INCREMENT=23;

--
-- AUTO_INCREMENT для таблицы `news`
--
ALTER TABLE `news`
  MODIFY `id` int(10) UNSIGNED NOT NULL AUTO_INCREMENT, AUTO_INCREMENT=22;

--
-- AUTO_INCREMENT для таблицы `permissions`
--
ALTER TABLE `permissions`
  MODIFY `id` int(10) UNSIGNED NOT NULL AUTO_INCREMENT, AUTO_INCREMENT=72;

--
-- AUTO_INCREMENT для таблицы `products`
--
ALTER TABLE `products`
  MODIFY `id` int(10) UNSIGNED NOT NULL AUTO_INCREMENT, AUTO_INCREMENT=9;

--
-- AUTO_INCREMENT для таблицы `roles`
--
ALTER TABLE `roles`
  MODIFY `id` int(10) UNSIGNED NOT NULL AUTO_INCREMENT, AUTO_INCREMENT=3;

--
-- AUTO_INCREMENT для таблицы `settings`
--
ALTER TABLE `settings`
  MODIFY `id` int(10) UNSIGNED NOT NULL AUTO_INCREMENT, AUTO_INCREMENT=14;

--
-- AUTO_INCREMENT для таблицы `sliders`
--
ALTER TABLE `sliders`
  MODIFY `id` int(10) UNSIGNED NOT NULL AUTO_INCREMENT, AUTO_INCREMENT=8;

--
-- AUTO_INCREMENT для таблицы `stocks`
--
ALTER TABLE `stocks`
  MODIFY `id` int(10) UNSIGNED NOT NULL AUTO_INCREMENT, AUTO_INCREMENT=2;

--
-- AUTO_INCREMENT для таблицы `translations`
--
ALTER TABLE `translations`
  MODIFY `id` int(10) UNSIGNED NOT NULL AUTO_INCREMENT, AUTO_INCREMENT=64;

--
-- AUTO_INCREMENT для таблицы `users`
--
ALTER TABLE `users`
  MODIFY `id` int(10) UNSIGNED NOT NULL AUTO_INCREMENT, AUTO_INCREMENT=2;

--
-- Ограничения внешнего ключа сохраненных таблиц
--

--
-- Ограничения внешнего ключа таблицы `data_rows`
--
ALTER TABLE `data_rows`
  ADD CONSTRAINT `data_rows_data_type_id_foreign` FOREIGN KEY (`data_type_id`) REFERENCES `data_types` (`id`) ON DELETE CASCADE ON UPDATE CASCADE;

--
-- Ограничения внешнего ключа таблицы `menu_items`
--
ALTER TABLE `menu_items`
  ADD CONSTRAINT `menu_items_menu_id_foreign` FOREIGN KEY (`menu_id`) REFERENCES `menus` (`id`) ON DELETE CASCADE;

--
-- Ограничения внешнего ключа таблицы `permission_role`
--
ALTER TABLE `permission_role`
  ADD CONSTRAINT `permission_role_permission_id_foreign` FOREIGN KEY (`permission_id`) REFERENCES `permissions` (`id`) ON DELETE CASCADE,
  ADD CONSTRAINT `permission_role_role_id_foreign` FOREIGN KEY (`role_id`) REFERENCES `roles` (`id`) ON DELETE CASCADE;

--
-- Ограничения внешнего ключа таблицы `users`
--
ALTER TABLE `users`
  ADD CONSTRAINT `users_role_id_foreign` FOREIGN KEY (`role_id`) REFERENCES `roles` (`id`);

--
-- Ограничения внешнего ключа таблицы `user_roles`
--
ALTER TABLE `user_roles`
  ADD CONSTRAINT `user_roles_role_id_foreign` FOREIGN KEY (`role_id`) REFERENCES `roles` (`id`) ON DELETE CASCADE,
  ADD CONSTRAINT `user_roles_user_id_foreign` FOREIGN KEY (`user_id`) REFERENCES `users` (`id`) ON DELETE CASCADE;
COMMIT;

/*!40101 SET CHARACTER_SET_CLIENT=@OLD_CHARACTER_SET_CLIENT */;
/*!40101 SET CHARACTER_SET_RESULTS=@OLD_CHARACTER_SET_RESULTS */;
/*!40101 SET COLLATION_CONNECTION=@OLD_COLLATION_CONNECTION */;
